id,player_name,team,position,gp,toi,goals,assist,first_assist,second_assit,total_points,ipp,sf,sh_pcg,ixg,icf,iff,iscf,ihdcf,rush_attempts,rebounds_created,pim,total_penalties,minor,major,misconduct,penalties_drawn,giveaways,takeaways,hits,hits_taken,shots_blocked,faceoffs_won,faceoffs_lost,faceoffs_won_pcg
1,Jaromir Jagr,FLA,R,82,216.05,7,5,3,2,12,52.17,38,18.42,6.42,55,47,39,27,1,4,4,2,2,0,0,2,8,0,0,8,0,0,0,-
2,Shane Doan,ARI,R,74,113.28333333333,2,0,0,0,2,40.00,17,11.76,2.78,27,23,21,12,0,2,6,3,3,0,0,0,5,1,7,5,0,21,25,45.65
3,Jarome Iginla,"COL, L.A",R,80,164.83333333333,4,3,2,1,7,53.85,41,9.76,4.28,63,53,22,6,2,4,18,6,4,2,0,2,5,1,8,5,1,2,3,40.00
4,Matt Cullen,PIT,C,72,27.783333333333,2,2,1,1,4,80.00,3,66.67,1.23,6,5,5,5,0,1,2,1,1,0,0,1,1,0,0,0,0,14,10,58.33
5,Zdeno Chara,BOS,D,75,28.066666666667,1,1,1,0,2,66.67,4,25.00,0.35,13,7,3,0,0,0,2,1,1,0,0,0,0,0,0,0,1,0,0,-
6,Michal Rozsival,CHI,D,22,3.2666666666667,0,0,0,0,0,-,0,-,0,0,0,0,0,0,0,0,0,0,0,0,0,0,0,1,0,1,0,0,-
7,Shawn Thornton,FLA,L,50,7.6666666666667,0,0,0,0,0,-,1,0.00,0.08,1,1,0,0,0,0,24,5,2,2,1,1,0,0,0,0,0,0,0,-
8,Joe Thornton,S.J,C,79,240.3,1,15,4,11,16,61.54,15,6.67,1.64,31,23,13,4,0,1,2,1,1,0,0,3,11,5,1,3,0,81,72,52.94
9,Patrick Marleau,S.J,"C, L",82,229.95,6,7,2,5,13,50.00,32,18.75,4.75,60,46,39,21,1,3,6,3,3,0,0,0,10,4,2,8,0,15,9,62.50
10,Marian Hossa,CHI,R,73,121.73333333333,3,5,4,1,8,88.89,24,12.50,2.63,48,37,21,4,0,1,0,0,0,0,0,1,5,1,4,4,1,0,1,0.00
11,Jason Chimera,NYI,L,82,11.966666666667,0,0,0,0,0,-,2,0.00,0.18,2,2,2,0,0,1,5,1,0,1,0,0,0,0,0,0,0,0,0,-
12,Brian Campbell,CHI,D,80,129.46666666667,2,3,1,2,5,50.00,16,12.50,1.64,35,19,14,4,0,2,0,0,0,0,0,0,4,0,1,7,1,0,0,-
13,Mike Fisher,NSH,C,72,163.7,6,10,6,4,16,76.19,18,33.33,2.75,28,25,22,15,0,1,12,3,1,2,0,0,1,2,4,3,0,99,68,59.28
14,Mike Ribeiro,NSH,C,46,112.71666666667,2,4,2,2,6,60.00,6,33.33,1.09,12,6,8,5,1,1,0,0,0,0,0,0,10,0,0,4,1,28,39,41.79
15,Francois Beauchemin,COL,D,81,85.716666666667,0,3,1,2,3,60.00,16,0.00,0.82,25,20,5,0,0,0,4,2,2,0,0,0,2,0,2,1,1,0,0,-
16,Brian Gionta,BUF,R,82,123.76666666667,3,4,2,2,7,58.33,13,23.08,2.12,17,15,13,10,0,2,2,1,1,0,0,0,3,1,2,9,0,23,13,63.89
17,Chris Neil,OTT,R,53,1.4666666666667,0,0,0,0,0,-,0,-,0,0,0,0,0,0,0,9,3,2,1,0,1,0,0,0,0,0,0,0,-
18,Andrei Markov,MTL,D,62,157.41666666667,1,11,10,1,12,80.00,17,5.88,1.01,40,24,10,1,0,3,0,0,0,0,0,0,4,2,1,3,2,0,0,-
19,Daniel Sedin,VAN,L,82,227.83333333333,3,8,4,4,11,73.33,37,8.11,4.98,58,50,41,22,0,2,2,1,1,0,0,1,7,0,2,12,0,0,1,0.00
20,Henrik Sedin,VAN,C,82,232.85,1,11,4,7,12,80.00,9,11.11,1.43,19,16,11,4,0,1,0,0,0,0,0,0,10,0,0,6,0,66,50,56.90
21,Chris Kelly,OTT,C,82,3.0166666666667,0,0,0,0,0,-,0,-,0,0,0,0,0,0,0,5,1,0,1,0,0,0,0,1,0,0,0,0,-
22,Derek MacKenzie,FLA,C,82,12.8,0,0,0,0,0,-,2,0.00,0.13,3,3,0,0,0,0,4,2,2,0,0,0,0,0,2,1,0,7,2,77.78
23,Henrik Zetterberg,DET,L,82,223.03333333333,1,8,6,2,9,50.00,32,3.13,3.61,64,48,34,9,0,1,2,1,1,0,0,0,6,1,4,2,1,101,68,59.76
24,Radim Vrbata,ARI,R,81,204.05,4,9,7,2,13,56.52,62,6.45,5.68,112,88,43,16,0,4,2,1,1,0,0,0,6,2,2,3,1,6,6,50.00
25,Joel Ward,S.J,R,78,96.016666666667,1,2,1,1,3,75.00,11,9.09,2.31,23,20,21,15,1,1,0,0,0,0,0,0,2,0,2,3,1,16,17,48.48
26,Mark Streit,"PHI, PIT",D,68,146.26666666667,1,9,3,6,10,62.50,23,4.35,1.97,48,33,8,3,0,2,4,2,2,0,0,0,4,3,0,2,4,0,0,-
27,Marian Gaborik,L.A,R,56,80.416666666667,3,2,2,0,5,45.45,11,27.27,1.07,15,12,11,4,0,2,2,1,1,0,0,1,2,0,0,0,0,0,0,-
28,Scott Hartnell,CBJ,L,78,109.03333333333,2,1,1,0,3,60.00,10,20.00,2.89,17,17,15,13,0,2,2,1,1,0,0,0,6,1,2,4,1,0,0,-
29,Ron Hainsey,"CAR, PIT",D,72,12.9,0,0,0,0,0,-,1,0.00,0.11,2,1,1,0,0,0,0,0,0,0,0,0,0,0,1,0,0,0,0,-
30,Brooks Orpik,WSH,D,79,1.65,0,0,0,0,0,-,0,-,0,0,0,0,0,0,0,5,1,0,1,0,0,0,0,0,0,0,0,0,-
31,Steve Ott,"DET, MTL",C,53,3.7666666666667,0,0,0,0,0,-,0,-,0,0,0,0,0,0,0,33,9,4,5,0,1,0,0,0,0,0,2,2,50.00
32,Justin Williams,WSH,R,80,161.73333333333,4,4,0,4,8,44.44,24,16.67,4.57,52,44,37,20,0,4,6,3,3,0,0,0,5,3,4,1,0,43,28,60.56
33,Niklas Kronwall,DET,D,57,136.53333333333,0,5,2,3,5,50.00,21,0.00,1.74,51,29,19,3,1,2,4,2,2,0,0,0,2,1,0,1,3,0,0,-
34,Nick Schultz,PHI,D,28,1.15,0,0,0,0,0,-,0,-,0,0,0,0,0,0,0,0,0,0,0,0,0,0,0,0,0,0,0,0,-
35,Antoine Vermette,ANA,C,72,131.53333333333,5,6,2,4,11,73.33,12,41.67,3.18,23,21,18,14,0,0,6,3,3,0,0,1,4,0,0,5,2,79,48,62.20
36,Paul Martin,S.J,D,81,12.933333333333,0,0,0,0,0,-,1,0.00,0.04,2,1,0,0,0,0,0,0,0,0,0,0,0,0,0,1,0,0,0,-
37,Dominic Moore,BOS,C,82,18.6,0,0,0,0,0,-,2,0.00,0.35,3,3,2,2,0,1,2,1,1,0,0,0,0,0,1,1,0,11,8,57.89
38,Matt Hendricks,EDM,"C, L",42,2.6,0,0,0,0,0,-,0,-,0,0,0,0,0,0,0,9,3,2,1,0,0,0,0,0,0,0,1,0,100.00
39,John-Michael Liles,BOS,D,36,57,0,3,2,1,3,42.86,5,0.00,0.41,18,9,3,0,0,1,0,0,0,0,0,1,0,0,0,1,1,0,0,-
40,Deryk Engelland,CGY,D,81,2.0666666666667,0,0,0,0,0,-,0,-,0,0,0,0,0,0,0,16,5,3,2,0,1,0,0,0,0,0,0,0,-
41,Jason Spezza,DAL,C,68,173.93333333333,1,16,5,11,17,62.96,28,3.57,3.93,56,49,27,14,0,3,5,1,0,1,0,0,8,2,1,4,0,59,48,55.14
42,Mikko Koivu,MIN,C,80,171.76666666667,2,17,7,10,19,70.37,27,7.41,4.27,49,37,28,18,0,5,0,0,0,0,0,0,4,1,2,2,0,109,59,64.88
43,Dan Hamhuis,DAL,D,79,118.3,1,0,0,0,1,20.00,10,10.00,0.64,22,12,10,1,0,1,5,1,0,1,0,0,1,1,4,3,2,0,0,-
44,Ales Hemsky,DAL,R,15,21.883333333333,1,1,1,0,2,100.00,6,16.67,1.29,11,9,5,4,0,1,0,0,0,0,0,0,2,0,0,1,0,0,0,-
45,Fedor Tyutin,COL,D,69,1.5166666666667,0,0,0,0,0,-,0,-,0,0,0,0,0,0,0,0,0,0,0,0,0,0,0,0,0,0,0,0,-
46,Mike Cammalleri,N.J,L,61,147,1,8,6,2,9,69.23,38,2.63,3.83,72,58,28,3,0,5,2,1,1,0,0,1,5,2,0,2,0,1,1,50.00
47,Chris Thorburn,WPG,R,64,1.6166666666667,0,0,0,0,0,0.00,1,0.00,0.11,1,1,1,0,0,0,42,9,1,8,0,0,0,0,0,0,0,0,0,-
48,Jason Pominville,MIN,R,78,86.633333333333,0,7,2,5,7,63.64,10,0.00,1.08,34,17,10,1,0,1,0,0,0,0,0,0,0,2,2,2,1,6,3,66.67
49,Jay McClement,CAR,C,65,6.05,0,0,0,0,0,-,0,-,0,0,0,0,0,0,0,0,0,0,0,0,0,0,0,0,1,0,8,3,72.73
50,Tomas Plekanec,MTL,C,78,72.416666666667,3,4,1,3,7,77.78,16,18.75,2.38,25,20,17,9,0,1,6,3,3,0,0,0,1,1,2,8,1,33,31,51.56
51,Patrick Sharp,DAL,L,48,96.233333333333,0,0,0,0,0,0.00,23,0.00,1.97,51,30,17,5,0,2,6,3,3,0,0,0,2,0,0,5,0,12,9,57.14
52,Jordin Tootoo,CHI,R,50,1.0666666666667,0,0,0,0,0,-,0,-,0,0,0,0,0,0,0,0,0,0,0,0,0,0,0,0,0,0,0,0,-
53,Kevin Bieksa,ANA,D,81,75.25,1,2,0,2,3,60.00,15,6.67,1.28,32,24,9,2,0,2,17,4,1,3,0,0,4,0,1,1,0,0,0,-
54,Dennis Seidenberg,NYI,D,73,11.7,0,0,0,0,0,-,0,-,0,1,0,0,0,0,0,0,0,0,0,0,0,0,0,0,0,0,0,0,-
55,Jussi Jokinen,FLA,L,69,161.83333333333,4,5,3,2,9,64.29,21,19.05,3.41,36,33,23,12,2,1,2,1,1,0,0,0,12,1,1,7,0,21,15,58.33
56,Johnny Oduya,"CHI, DAL",D,52,5.4666666666667,0,0,0,0,0,-,0,-,0,0,0,0,0,0,0,0,0,0,0,0,0,0,0,0,0,0,0,0,-
57,PA Parenteau,"N.J, NSH",R,67,142.26666666667,4,3,1,2,7,63.64,19,21.05,2.21,25,21,10,6,0,3,8,4,4,0,0,1,8,1,2,7,0,2,2,50.00
58,Vernon Fiddler,"N.J, NSH","C, L",59,4.3333333333333,0,0,0,0,0,-,0,-,0,0,0,0,0,0,0,12,2,1,0,1,1,0,0,0,0,0,4,3,57.14
59,Dennis Wideman,CGY,D,57,56.983333333333,2,3,2,1,5,71.43,19,10.53,1.26,28,23,8,1,0,0,2,1,1,0,0,0,4,0,2,2,0,0,0,-
60,Rick Nash,NYR,"L, R",67,131.83333333333,6,3,3,0,9,69.23,30,20.00,4.78,46,40,33,20,0,5,4,2,2,0,0,2,10,0,0,4,1,0,0,-
61,Valtteri Filppula,"PHI, T.B",C,79,142.31666666667,0,5,2,3,5,45.45,8,0.00,1.65,21,14,16,5,0,1,0,0,0,0,0,0,11,0,2,6,0,38,28,57.58
62,Tom Gilbert,L.A,D,18,28.183333333333,0,1,1,0,1,50.00,2,0.00,0.24,6,5,1,0,0,0,0,0,0,0,0,0,0,0,0,0,0,0,0,-
63,Scottie Upshall,STL,R,73,4.1166666666667,0,0,0,0,0,-,0,-,0,0,0,0,0,0,0,2,1,1,0,0,0,0,0,0,1,0,0,0,-
64,Trevor Daley,PIT,D,56,92.066666666667,1,3,2,1,4,57.14,13,7.69,0.96,25,19,6,0,0,2,11,4,3,1,0,0,0,1,1,0,0,0,0,-
65,Matt Greene,L.A,D,26,0.1,0,0,0,0,0,-,0,-,0,0,0,0,0,0,0,5,1,0,1,0,0,0,0,0,0,0,0,0,-
66,Frans Nielsen,DET,C,79,182.45,4,11,4,7,15,78.95,26,15.38,4.89,50,41,38,21,1,6,0,0,0,0,0,1,10,2,0,6,2,83,49,62.88
67,Jay Bouwmeester,STL,D,81,11.383333333333,0,1,0,1,1,100.00,1,0.00,0.03,2,1,0,0,0,0,0,0,0,0,0,0,0,0,0,0,0,0,0,-
68,Boyd Gordon,PHI,C,13,0.033333333333333,0,0,0,0,0,-,0,-,0,0,0,0,0,0,0,0,0,0,0,0,0,0,0,0,0,0,0,0,-
69,Matt Stajan,CGY,C,81,6.7166666666667,0,0,0,0,0,-,2,0.00,0.2,2,2,2,2,0,0,0,0,0,0,0,0,0,0,0,0,0,6,9,40.00
70,Johnny Boychuk,NYI,D,66,101.16666666667,0,3,2,1,3,42.86,26,0.00,2.42,63,43,16,4,1,1,0,0,0,0,0,0,1,1,2,6,3,0,0,-
71,Jiri Hudler,DAL,R,32,65.733333333333,1,0,0,0,1,100.00,8,12.50,0.89,11,8,7,4,0,1,0,0,0,0,0,1,2,0,4,0,0,0,1,0.00
72,Alexander Steen,STL,L,76,212.83333333333,3,12,8,4,15,65.22,30,10.00,2.93,63,46,23,5,1,5,6,3,3,0,0,0,6,3,1,6,2,3,4,42.86
73,Duncan Keith,CHI,D,80,234.4,1,11,5,6,12,52.17,42,2.38,2.91,90,53,18,3,0,3,2,1,1,0,0,0,5,5,0,0,4,0,0,-
74,Jonathan Ericsson,DET,D,51,5.4,0,0,0,0,0,-,1,0.00,0.03,1,1,0,0,0,0,0,0,0,0,0,1,0,0,0,0,0,0,0,-
75,Josh Gorges,BUF,D,66,0.68333333333333,0,0,0,0,0,-,0,-,0,0,0,0,0,0,0,7,2,1,1,0,0,0,0,0,0,0,0,0,-
76,Alexandre Burrows,"OTT, VAN",L,75,51.15,1,0,0,0,1,33.33,4,25.00,0.87,8,7,6,6,1,1,7,2,1,1,0,2,0,0,1,2,0,1,1,50.00
77,Chris Kunitz,PIT,L,71,110.73333333333,0,5,3,2,5,50.00,17,0.00,2.65,23,23,15,9,1,2,4,2,2,0,0,1,2,0,4,4,1,1,0,100.00
78,Eric Staal,MIN,C,82,187.23333333333,4,10,6,4,14,70.00,35,11.43,3.98,62,42,35,15,1,8,0,0,0,0,0,0,2,3,2,11,0,72,67,51.80
79,Thomas Vanek,"DET, FLA",L,68,166.11666666667,4,7,6,1,11,68.75,24,16.67,3.63,41,33,29,18,0,8,2,1,1,0,0,1,4,5,0,4,0,0,3,0.00
80,Milan Michalek,TOR,L,5,6.65,0,0,0,0,0,-,0,-,0,0,0,0,0,0,0,0,0,0,0,0,0,0,0,0,1,0,0,0,-
81,Ryan Suter,MIN,D,82,217.35,4,8,2,6,12,52.17,40,10.00,2.89,92,59,21,4,1,7,2,1,1,0,0,0,0,3,1,1,1,0,0,-
82,Braydon Coburn,T.B,D,80,4.6666666666667,0,0,0,0,0,-,1,0.00,0.02,1,1,0,0,0,0,5,1,0,1,0,0,0,0,1,0,0,0,0,-
83,Dion Phaneuf,OTT,D,81,199.3,4,9,5,4,13,61.90,34,11.76,3.4,65,45,21,10,0,4,13,5,4,1,0,2,6,0,2,2,3,0,0,-
84,Jeff Carter,L.A,C,82,221.1,9,11,5,6,20,76.92,46,19.57,7.15,105,78,51,28,0,6,7,2,1,1,0,0,9,0,2,9,0,66,71,48.18
85,Dustin Brown,L.A,"L, R",80,118.23333333333,4,2,1,1,6,46.15,17,23.53,2.53,30,23,19,13,0,3,0,0,0,0,0,2,3,0,4,4,0,0,1,0.00
86,Brent Seabrook,CHI,D,79,199.8,2,12,9,3,14,60.87,35,5.71,2.1,66,43,8,1,0,6,4,2,2,0,0,0,4,2,5,5,5,0,0,-
87,Zach Parise,MIN,L,69,151.38333333333,5,5,4,1,10,66.67,28,17.86,4.76,40,35,35,21,0,6,4,2,2,0,0,0,6,1,2,7,0,0,1,0.00
88,Eric Fehr,"PIT, TOR",C,53,14.15,0,0,0,0,0,0.00,4,0.00,0.82,6,5,6,4,0,1,2,1,1,0,0,0,0,0,0,1,0,3,0,100.00
89,Ryan Getzlaf,ANA,C,74,211.6,6,13,7,6,19,67.86,31,19.35,3.67,67,48,29,9,0,4,8,4,4,0,0,0,17,3,4,9,3,31,21,59.62
90,Brent Burns,S.J,D,82,270.5,5,15,10,5,20,74.07,73,6.85,5.05,168,99,44,2,0,7,0,0,0,0,0,0,15,2,1,3,5,0,0,-
91,Mark Stuart,WPG,D,42,0.2,0,0,0,0,0,-,0,-,0,1,0,0,0,0,1,0,0,0,0,0,0,0,0,0,0,0,0,0,-
92,Ryan Kesler,ANA,C,82,221.76666666667,8,10,6,4,18,62.07,40,20.00,9.6,70,61,59,48,0,5,20,7,5,2,0,0,5,1,5,16,0,155,89,63.52
93,Brian Boyle,"T.B, TOR",C,75,83.916666666667,3,2,1,1,5,45.45,18,16.67,2.91,21,21,18,16,0,1,0,0,0,0,0,0,3,0,5,2,0,39,25,60.94
94,Corey Perry,ANA,R,82,222.16666666667,5,15,10,5,20,68.97,50,10.00,9.95,82,70,62,47,0,10,12,6,6,0,0,0,8,2,5,4,1,1,0,100.00
95,Patrick Eaves,"ANA, DAL",R,79,217.23333333333,12,5,1,4,17,48.57,40,30.00,8.7,82,65,64,34,0,8,6,3,3,0,0,1,6,2,5,6,1,0,0,-
96,Loui Eriksson,VAN,L,65,155.2,5,2,2,0,7,70.00,29,17.24,3.5,39,32,30,19,0,2,0,0,0,0,0,0,3,1,0,8,0,0,0,-
97,Kevin Klein,NYR,D,60,3.4666666666667,0,1,1,0,1,100.00,0,-,0,0,0,0,0,0,0,10,2,0,2,0,0,0,0,0,0,0,0,0,-
98,Patrice Bergeron,BOS,C,79,218.83333333333,7,8,6,2,15,44.12,60,11.67,8.62,105,87,85,29,2,6,10,5,5,0,0,0,5,3,4,7,0,148,102,59.20
99,Matt Carle,NSH,D,6,0.18333333333333,0,0,0,0,0,-,0,-,0,0,0,0,0,0,0,0,0,0,0,0,0,0,0,0,0,0,0,0,-
100,Shea Weber,MTL,D,78,240.6,10,8,1,7,18,69.23,54,18.52,3.7,117,90,15,2,1,5,0,0,0,0,0,0,4,0,9,5,8,0,0,-
101,Colin McDonald,PHI,R,3,0.26666666666667,0,0,0,0,0,-,0,-,0,0,0,0,0,0,0,0,0,0,0,0,0,0,0,0,0,0,0,0,-
102,David Backes,BOS,R,74,152.25,2,5,4,1,7,58.33,23,8.70,4.74,32,29,29,22,0,3,8,4,4,0,0,3,1,1,7,6,0,10,10,50.00
103,Clarke MacArthur,OTT,L,4,8.8833333333333,0,0,0,0,0,-,2,0.00,0.14,2,2,1,1,0,0,0,0,0,0,0,0,0,0,0,0,0,0,0,-
104,Kyle Quincey,"CBJ, N.J",D,73,18.1,0,0,0,0,0,-,3,0.00,0.19,7,3,5,1,0,1,2,1,1,0,0,0,1,0,0,0,0,0,0,-
105,Lee Stempniak,CAR,R,82,158.48333333333,2,4,2,2,6,37.50,15,13.33,2.95,24,21,22,13,0,3,2,1,1,0,0,0,7,2,2,8,0,0,0,-
106,John Mitchell,COL,C,65,13.5,0,0,0,0,0,0.00,1,0.00,0.06,3,1,1,0,0,0,0,0,0,0,0,0,0,0,0,0,0,7,4,63.64
107,Brad Richardson,ARI,R,16,3.0166666666667,0,0,0,0,0,-,0,-,0,0,0,0,0,0,0,5,1,0,1,0,0,0,0,1,0,0,1,3,25.00
108,Marc Methot,OTT,D,68,4.4,0,0,0,0,0,-,0,-,0,0,0,0,0,0,0,2,1,1,0,0,1,0,0,0,0,0,0,0,-
109,Nate Thompson,ANA,C,30,3.6666666666667,0,0,0,0,0,-,0,-,0,0,0,0,0,0,0,5,1,0,1,0,0,0,0,0,0,0,4,2,66.67
110,Drew Miller,DET,L,55,2.4333333333333,0,0,0,0,0,-,0,-,0,0,0,0,0,0,0,2,1,1,0,0,0,0,0,0,0,1,0,0,-
111,Joe Pavelski,S.J,C,81,247.38333333333,7,11,7,4,18,66.67,52,13.46,9.65,103,84,72,43,0,5,6,3,3,0,0,2,11,2,5,5,2,77,63,55.00
112,Kyle Brodziak,STL,C,69,1.8166666666667,0,0,0,0,0,-,0,-,0,0,0,0,0,0,0,2,1,1,0,0,0,0,0,0,0,0,4,2,66.67
113,Toby Enstrom,WPG,D,60,88.483333333333,0,6,3,3,6,54.55,4,0.00,0.31,14,7,3,1,0,0,6,3,3,0,0,2,0,0,1,2,1,0,0,-
114,Dustin Byfuglien,WPG,D,80,241.4,1,9,5,4,10,52.63,48,2.08,3.02,101,67,30,4,1,6,16,4,3,0,1,1,7,1,11,1,6,0,0,-
115,Matt Moulson,BUF,L,81,164.41666666667,11,7,5,2,18,72.00,40,27.50,6.8,58,53,48,27,0,6,0,0,0,0,0,0,2,0,2,3,0,0,1,0.00
116,Tanner Glass,NYR,L,11,0.51666666666667,0,0,0,0,0,-,0,-,0,0,0,0,0,0,0,15,3,0,3,0,0,0,0,0,0,0,0,0,-
117,Clayton Stoner,ANA,D,14,0.76666666666667,0,0,0,0,0,-,0,-,0,0,0,0,0,0,0,2,1,1,0,0,0,0,0,0,0,0,0,0,-
118,Mark Giordano,CGY,D,81,195.65,3,9,3,6,12,50.00,35,8.57,2.34,75,48,26,2,1,5,4,2,2,0,0,1,3,3,2,3,3,0,0,-
119,Alex Ovechkin,WSH,L,82,294.98333333333,16,7,5,2,23,53.49,96,16.67,9.4,203,143,73,12,2,11,4,2,2,0,0,1,8,4,6,8,2,0,0,-
120,Evgeni Malkin,PIT,C,62,218.2,10,10,5,5,20,62.50,65,15.38,7.62,111,84,65,18,0,13,11,4,3,1,0,0,15,2,2,7,0,12,7,63.16
121,Andrew Ladd,NYI,L,78,149.45,3,1,1,0,4,50.00,17,17.65,3.42,37,30,29,15,0,3,6,3,3,0,0,0,6,1,5,6,0,1,2,33.33
122,Blake Wheeler,WPG,R,82,219.58333333333,5,13,9,4,18,81.82,48,10.42,6.01,78,64,41,21,0,5,8,4,4,0,0,2,6,2,3,12,1,2,0,100.00
123,Drew Stafford,"BOS, WPG",R,58,74.616666666667,3,1,1,0,4,44.44,17,17.65,1.9,23,21,12,5,1,3,2,1,1,0,0,0,1,0,1,2,0,0,0,-
124,Alexander Radulov,MTL,R,76,206.43333333333,6,7,6,1,13,56.52,18,33.33,2.25,28,25,15,7,0,2,8,4,4,0,0,2,3,2,7,12,1,1,0,100.00
125,Lauri Korpikoski,"CBJ, DAL",L,69,19.15,0,0,0,0,0,0.00,1,0.00,0.27,2,2,2,2,0,0,4,2,2,0,0,0,0,0,0,1,0,0,0,-
126,Travis Zajac,N.J,C,80,202.68333333333,6,6,2,4,12,46.15,29,20.69,4.76,35,34,27,19,0,1,9,3,2,1,0,3,5,0,4,7,0,129,86,60.00
127,Mike Green,DET,D,72,179.81666666667,3,6,5,1,9,52.94,24,12.50,1.85,59,35,17,2,1,2,2,1,1,0,0,0,8,1,1,4,3,0,0,-
128,Bryan Bickell,CAR,L,11,13.916666666667,1,0,0,0,1,25.00,1,100.00,0.29,2,2,1,1,0,0,0,0,0,0,0,0,1,0,1,0,0,0,0,-
129,Blake Comeau,COL,L,77,47.983333333333,2,0,0,0,2,66.67,3,66.67,0.68,6,5,4,1,0,0,2,1,1,0,0,1,1,0,1,1,0,14,10,58.33
130,Carl Soderberg,COL,C,80,77.8,1,1,0,1,2,40.00,12,8.33,2.57,19,16,17,13,0,2,4,2,2,0,0,0,2,0,3,3,0,14,13,51.85
131,Brandon Dubinsky,CBJ,C,80,113.41666666667,1,3,0,3,4,80.00,11,9.09,0.83,17,12,8,2,1,0,11,4,3,1,0,0,3,0,4,3,1,37,19,66.07
132,Alex Goligoski,ARI,D,82,171.16666666667,1,5,3,2,6,54.55,13,7.69,0.86,28,17,11,0,0,3,0,0,0,0,0,0,5,1,1,4,2,0,0,-
133,David Krejci,BOS,C,82,197.3,5,5,2,3,10,66.67,34,14.71,3.53,75,48,24,8,0,5,0,0,0,0,0,0,5,3,1,6,0,51,31,62.20
134,Andrej Sekera,EDM,D,80,169.68333333333,1,10,2,8,11,55.00,34,2.94,1.82,80,47,9,0,1,3,2,1,1,0,0,0,6,2,1,0,2,0,0,-
135,Alexei Emelin,MTL,D,76,4.5333333333333,0,0,0,0,0,-,0,-,0,0,0,0,0,0,0,6,3,3,0,0,0,0,0,0,0,0,0,0,-
136,Alexander Edler,VAN,D,68,137.05,1,2,2,0,3,42.86,24,4.17,2.02,67,39,19,3,1,0,0,0,0,0,0,0,2,1,6,2,4,0,0,-
137,Torrey Mitchell,MTL,C,78,6.3666666666667,0,0,0,0,0,-,1,0.00,0.2,2,2,2,1,0,0,7,2,1,1,0,0,0,0,0,0,0,3,2,60.00
138,Ryan Callahan,T.B,R,18,4.2333333333333,0,0,0,0,0,0.00,0,-,0,0,0,0,0,0,0,7,2,1,1,0,1,0,0,0,1,0,2,0,100.00
139,Kris Versteeg,CGY,R,69,167.6,7,7,1,6,14,73.68,50,14.00,3.82,104,62,35,7,1,6,5,1,0,1,0,2,6,3,0,3,1,6,8,42.86
140,Roman Polak,TOR,D,75,0.81666666666667,0,0,0,0,0,-,1,0.00,0.04,1,1,0,0,0,0,5,1,0,1,0,1,0,0,0,0,0,0,0,-
141,Troy Brouwer,CGY,R,74,172.26666666667,5,6,2,4,11,52.38,21,23.81,4.16,31,29,29,22,0,2,2,1,1,0,0,1,2,0,8,3,2,2,6,25.00
142,Matt Hunwick,TOR,D,72,4.25,0,0,0,0,0,-,0,-,0,0,0,0,0,0,0,0,0,0,0,0,0,0,0,0,0,1,0,0,-
143,Daniel Winnik,WSH,L,72,3.3,0,0,0,0,0,-,0,-,0,0,0,0,0,0,0,5,1,0,1,0,0,0,0,0,0,1,1,0,100.00
144,Adam Cracknell,DAL,R,69,6.7666666666667,0,0,0,0,0,-,4,0.00,0.53,4,4,3,2,0,1,0,0,0,0,0,0,1,0,0,0,0,2,1,66.67
145,Jannik Hansen,"S.J, VAN",R,43,9.0833333333333,0,0,0,0,0,-,1,0.00,0.27,2,2,2,2,0,0,4,2,2,0,0,3,0,1,0,0,0,0,0,-
146,Rene Bourque,COL,R,65,96.666666666667,2,0,0,0,2,66.67,10,20.00,2.34,21,18,19,10,0,3,12,3,1,2,0,0,0,0,3,2,0,0,0,-
147,Cody McLeod,"COL, NSH",L,59,4.8166666666667,0,0,0,0,0,-,0,-,0,0,0,0,0,0,0,57,10,1,7,2,1,0,0,1,0,0,0,0,-
148,Mason Raymond,ANA,L,4,0.65,0,0,0,0,0,-,0,-,0,0,0,0,0,0,0,0,0,0,0,0,0,0,0,0,0,0,0,0,-
149,Paul Stastny,STL,C,66,163.01666666667,5,7,7,0,12,63.16,21,23.81,3.75,25,25,21,18,0,3,0,0,0,0,0,2,3,0,0,2,1,100,71,58.48
150,Sidney Crosby,PIT,C,75,255.1,12,9,5,4,21,56.76,58,20.69,8.11,91,76,65,26,0,3,8,4,4,0,0,0,15,0,0,10,0,175,144,54.86
151,Bobby Ryan,OTT,R,62,141.68333333333,2,3,2,1,5,35.71,12,16.67,2.13,30,23,21,10,0,4,2,1,1,0,0,0,3,1,3,10,2,1,0,100.00
152,Jack Johnson,CBJ,D,82,19.466666666667,1,1,0,1,2,100.00,2,50.00,0.39,8,6,2,1,1,1,2,1,1,0,0,1,0,0,1,1,0,0,0,-
153,Benoit Pouliot,EDM,L,67,57.55,0,0,0,0,0,0.00,10,0.00,0.98,18,14,9,5,0,0,2,1,1,0,0,0,3,0,0,5,0,0,0,-
154,Jack Skille,VAN,R,55,3.7666666666667,0,0,0,0,0,-,1,0.00,0.09,1,1,1,0,0,0,0,0,0,0,0,0,0,0,1,0,0,0,0,-
155,Devin Setoguchi,L.A,R,45,25.916666666667,0,1,0,1,1,33.33,0,-,0.09,2,1,1,0,0,0,0,0,0,0,0,0,0,0,0,2,0,0,2,0.00
156,Anze Kopitar,L.A,C,76,214.2,5,14,7,7,19,82.61,38,13.16,4.45,70,50,41,14,2,5,0,0,0,0,0,0,8,2,7,4,0,101,68,59.76
157,Marc Staal,NYR,D,72,3.4333333333333,0,0,0,0,0,0.00,0,-,0.05,1,1,0,0,0,0,4,2,2,0,0,0,0,0,0,0,0,0,0,-
158,Martin Hanzal,"ARI, MIN",C,71,163.51666666667,5,4,3,1,9,56.25,27,18.52,5.72,41,39,38,32,0,3,2,1,1,0,0,3,9,3,5,6,0,87,61,58.78
159,Jakub Kindl,FLA,D,39,10.816666666667,0,0,0,0,0,-,2,0.00,0.15,4,3,1,0,0,0,4,2,2,0,0,0,0,0,0,1,0,0,0,-
160,T.J. Oshie,WSH,R,68,190.21666666667,6,5,4,1,11,36.67,36,16.67,6.01,62,57,56,22,0,5,6,3,3,0,0,1,2,4,5,7,0,56,50,52.83
161,Andrew Cogliano,ANA,"C, L",82,6.1666666666667,0,0,0,0,0,-,1,0.00,0.41,1,1,1,1,0,0,2,1,1,0,0,1,0,0,0,1,0,0,0,-
162,Matt Niskanen,WSH,D,78,139.05,1,8,5,3,9,50.00,18,5.56,1.39,53,28,8,0,0,0,0,0,0,0,0,0,2,6,2,3,3,0,0,-
163,James Neal,NSH,"L, R",70,179.83333333333,4,6,4,2,10,50.00,36,11.11,4.66,50,42,39,22,0,3,6,3,3,0,0,0,6,1,3,7,0,0,0,-
164,Marc-Edouard Vlasic,S.J,D,75,140.8,1,5,3,2,6,66.67,22,4.55,1.35,54,33,10,0,0,5,7,2,1,1,0,0,8,3,0,2,1,0,0,-
165,Justin Abdelkader,DET,L,64,139.71666666667,4,1,0,1,5,38.46,23,17.39,3.73,26,26,23,21,0,2,23,10,9,1,0,3,3,0,7,10,0,1,3,25.00
166,Adam McQuaid,BOS,D,77,3.4,0,0,0,0,0,-,2,0.00,0.05,3,2,0,0,0,1,14,4,2,2,0,0,0,0,0,0,0,0,0,-
167,Kris Letang,PIT,D,41,146.63333333333,2,9,5,4,11,68.75,26,7.69,1.75,54,33,16,3,0,4,6,3,3,0,0,0,5,5,4,2,4,0,0,-
168,Kris Russell,EDM,D,68,18.683333333333,0,1,0,1,1,100.00,2,0.00,0.09,6,4,1,0,0,0,0,0,0,0,0,0,1,0,0,1,0,0,0,-
169,Keith Yandle,FLA,D,82,233.4,2,13,7,6,15,60.00,45,4.44,2.42,98,65,9,0,0,5,9,3,2,1,0,1,14,3,1,1,3,0,0,-
170,Cody Franson,BUF,D,68,98.183333333333,1,1,1,0,2,25.00,11,9.09,0.66,28,17,4,0,1,1,6,3,3,0,0,1,4,0,2,2,0,0,0,-
171,Vladimir Sobotka,STL,L,1,4.3666666666667,0,0,0,0,0,-,1,0.00,0.29,2,1,2,1,0,0,0,0,0,0,0,0,0,0,0,0,0,3,4,42.86
172,Chris Butler,STL,D,1,0.28333333333333,0,0,0,0,0,-,0,-,0,0,0,0,0,0,0,0,0,0,0,0,0,0,0,0,0,0,0,0,-
173,Chris VandeVelde,PHI,C,81,4.55,0,0,0,0,0,-,0,-,0,0,0,0,0,0,0,2,1,1,0,0,0,0,0,0,1,0,0,0,-
174,Jared Boll,ANA,R,51,2.3,0,0,0,0,0,-,0,-,0,0,0,0,0,0,0,59,13,2,11,0,1,0,0,0,1,0,0,0,-
175,Tom Pyatt,OTT,"C, L",82,10.65,0,0,0,0,0,-,1,0.00,0.12,1,1,0,0,0,0,0,0,0,0,0,0,0,0,0,1,0,0,2,0.00
176,Niklas Hjalmarsson,CHI,D,73,8.3666666666667,0,0,0,0,0,0.00,1,0.00,0.07,4,2,1,0,0,0,0,0,0,0,0,0,0,0,0,0,0,0,0,-
177,Darren Helm,DET,C,50,40.25,1,2,0,2,3,60.00,8,12.50,1.01,8,8,6,4,0,1,0,0,0,0,0,1,0,0,1,2,0,24,16,60.00
178,Cal O'Reilly,BUF,C,11,8.3666666666667,0,0,0,0,0,-,0,-,0,0,0,0,0,0,0,0,0,0,0,0,0,1,0,0,0,0,4,3,57.14
179,Ryan Reaves,STL,R,80,1.8166666666667,0,0,0,0,0,-,0,-,0,0,0,0,0,0,0,2,1,1,0,0,0,0,0,0,0,0,0,0,-
180,Anton Stralman,T.B,D,73,119.71666666667,0,6,3,3,6,60.00,11,0.00,1.13,29,20,6,2,0,3,2,1,1,0,0,0,2,1,2,0,2,0,0,-
181,Patric Hornqvist,PIT,R,70,206.11666666667,9,7,4,3,16,47.06,47,19.15,7.86,66,60,58,45,1,9,10,5,5,0,0,1,2,1,18,7,3,1,0,100.00
182,Andrew Desjardins,CHI,"C, L",46,0.15,0,0,0,0,0,-,0,-,0,0,0,0,0,0,0,10,2,0,2,0,1,0,0,0,0,0,0,0,-
183,Dan Girardi,NYR,D,63,2.6333333333333,0,0,0,0,0,-,0,-,0,0,0,0,0,0,0,2,1,1,0,0,0,0,0,0,0,0,0,0,-
184,David Desharnais,"EDM, MTL",C,49,47.616666666667,0,2,0,2,2,50.00,0,-,0.15,2,1,1,0,0,0,0,0,0,0,0,0,1,1,0,1,0,11,16,40.74
185,Andy Greene,N.J,D,66,79.233333333333,1,3,3,0,4,36.36,6,16.67,0.6,20,14,2,0,0,1,0,0,0,0,0,0,3,0,1,1,5,0,0,-
186,Stephen Gionta,NYI,R,26,3.2666666666667,0,0,0,0,0,-,1,0.00,0.15,1,1,1,1,0,0,0,0,0,0,0,0,0,0,0,0,0,1,1,50.00
187,Bryan Little,WPG,C,59,127.13333333333,6,6,5,1,12,70.59,14,42.86,2.31,25,21,23,11,1,1,4,2,2,0,0,0,2,0,1,1,0,81,59,57.86
188,Alex Biega,VAN,D,36,7.9166666666667,0,0,0,0,0,-,0,-,0.08,2,2,0,0,0,0,0,0,0,0,0,0,0,0,1,0,0,0,0,-
189,Brad Marchand,BOS,"C, L",80,203.26666666667,9,13,3,10,22,62.86,37,24.32,5.96,63,54,42,22,1,4,4,2,2,0,0,2,8,2,2,12,1,3,0,100.00
190,Nick Foligno,CBJ,L,79,203.41666666667,11,10,6,4,21,65.63,38,28.95,7.71,50,48,45,42,0,5,13,5,4,1,0,1,3,1,4,8,1,6,0,100.00
191,Derek Dorsett,VAN,R,14,0.4,0,0,0,0,0,-,0,-,0,0,0,0,0,0,0,10,2,0,2,0,1,0,0,0,0,0,0,0,-
192,Erik Johnson,COL,D,46,94.5,0,6,5,1,6,85.71,17,0.00,1.2,39,25,4,0,0,5,5,1,0,1,0,0,4,2,2,4,1,0,0,-
193,Kyle Okposo,BUF,R,65,193.86666666667,5,15,6,9,20,58.82,37,13.51,5.34,64,50,42,20,2,5,0,0,0,0,0,0,10,0,0,2,0,23,12,65.71
194,Trevor Lewis,L.A,C,82,15.666666666667,1,1,1,0,2,100.00,1,100.00,0.06,1,1,1,0,0,0,0,0,0,0,0,0,0,0,1,1,0,5,5,50.00
195,Leo Komarov,TOR,C,82,168.1,4,6,4,2,10,41.67,18,22.22,3.11,24,22,20,16,1,2,2,1,1,0,0,0,6,0,3,6,0,3,4,42.86
196,Jamie McGinn,ARI,L,72,69.766666666667,0,2,2,0,2,66.67,10,0.00,1.29,13,11,7,5,0,2,7,2,1,1,0,0,3,0,0,0,0,0,0,-
197,Ryan White,"ARI, MIN",C,65,4.1666666666667,0,0,0,0,0,-,0,-,0,0,0,0,0,0,0,19,4,2,1,1,1,0,0,1,1,0,0,0,-
198,Eric Gryba,EDM,D,40,0.8,0,0,0,0,0,-,0,-,0,0,0,0,0,0,0,7,2,1,1,0,1,0,0,0,0,0,0,0,-
199,Milan Lucic,EDM,L,82,212.48333333333,12,13,9,4,25,67.57,48,25.00,8.53,73,66,59,41,0,3,14,4,2,2,0,1,6,2,13,9,0,0,0,-
200,Chris Stewart,MIN,R,79,13.083333333333,0,2,1,1,2,200.00,1,0.00,0.15,2,1,1,1,0,0,29,7,2,5,0,0,0,0,0,1,0,0,0,-
201,Matt Beleskey,BOS,L,49,70.433333333333,0,2,1,1,2,40.00,4,0.00,0.46,10,6,5,0,0,0,6,3,3,0,0,1,0,1,1,0,0,9,15,37.50
202,Cal Clutterbuck,NYI,R,66,26.333333333333,0,1,0,1,1,33.33,2,0.00,0.36,6,3,5,2,0,0,4,2,2,0,0,0,0,0,4,1,0,1,1,50.00
203,Jeff Petry,MTL,D,80,138.98333333333,2,5,3,2,7,43.75,21,9.52,1.77,46,32,10,3,0,2,0,0,0,0,0,0,2,2,2,4,2,0,0,-
204,Claude Giroux,PHI,"C, R",82,286.7,5,24,12,12,29,65.91,57,8.77,5.22,110,83,41,7,1,8,2,1,1,0,0,0,10,3,8,11,0,204,157,56.51
205,Jordan Staal,CAR,C,75,165,4,4,3,1,8,42.11,19,21.05,3.72,37,31,32,22,0,3,18,6,4,2,0,1,2,1,6,7,1,75,33,69.44
206,Patrik Berglund,STL,C,82,115.56666666667,4,3,2,1,7,63.64,22,18.18,2.61,33,26,24,11,0,4,4,2,2,0,0,0,3,2,2,2,0,41,34,54.67
207,Viktor Stalberg,"CAR, OTT",L,75,27.216666666667,1,1,1,0,2,100.00,1,100.00,0.09,3,1,2,0,0,0,7,2,1,1,0,0,1,1,0,1,0,0,0,-
208,Tom Sestito,PIT,L,13,0.41666666666667,0,0,0,0,0,-,0,-,0,0,0,0,0,0,0,5,1,0,1,0,0,0,0,0,0,0,0,0,-
209,Derick Brassard,OTT,C,81,195.38333333333,3,4,0,4,7,41.18,28,10.71,3.49,53,39,29,9,0,1,6,3,3,0,0,0,8,1,1,6,0,66,71,48.18
210,Michael Grabner,NYR,R,76,6.05,0,0,0,0,0,-,0,-,0,0,0,0,0,0,0,0,0,0,0,0,0,0,0,0,0,0,0,0,-
211,Phil Kessel,PIT,"C, R",82,275.7,7,20,9,11,27,65.85,53,13.21,6.11,108,73,61,14,0,12,6,3,3,0,0,0,9,1,1,6,0,1,0,100.00
212,Korbinian Holzer,ANA,D,32,1.0666666666667,0,0,0,0,0,-,0,-,0,0,0,0,0,0,0,2,1,1,0,0,1,0,0,0,1,0,0,0,-
213,Nicklas Backstrom,WSH,C,82,241.05,6,24,11,13,30,83.33,28,21.43,3.95,45,38,28,15,0,1,8,4,4,0,0,0,9,6,2,6,0,76,73,51.01
214,Michael Frolik,CGY,R,82,95.75,3,5,2,3,8,61.54,14,21.43,2.09,27,21,20,8,0,0,4,2,2,0,0,1,2,1,2,3,1,2,2,50.00
215,Brian Strait,WPG,D,5,0.95,0,0,0,0,0,0.00,0,-,0,0,0,0,0,0,0,0,0,0,0,0,0,0,0,0,0,0,0,0,-
216,Jamie McBain,ARI,D,3,5.7,0,0,0,0,0,-,1,0.00,0.07,3,2,1,0,0,0,0,0,0,0,0,0,0,0,0,0,0,0,0,-
217,Artem Anisimov,CHI,C,64,146.21666666667,4,4,2,2,8,50.00,22,18.18,3.9,29,28,24,20,0,3,2,1,1,0,0,1,2,3,2,4,0,58,55,51.33
218,Shawn Matthias,WPG,L,45,3.2666666666667,0,0,0,0,0,-,0,-,0,0,0,0,0,0,0,0,0,0,0,0,0,0,0,0,0,0,0,0,-
219,Nikolay Kulemin,NYI,L,72,9.6833333333333,1,0,0,0,1,100.00,2,50.00,0.45,2,2,2,2,0,0,0,0,0,0,0,0,0,0,0,0,0,0,0,-
220,Andrew MacDonald,PHI,D,73,6.7666666666667,0,0,0,0,0,-,1,0.00,0.12,1,1,1,1,0,0,0,0,0,0,0,0,0,0,0,0,0,0,0,-
221,Erik Condra,T.B,R,13,1.0333333333333,0,0,0,0,0,-,0,-,0,0,0,0,0,0,0,0,0,0,0,0,0,0,0,0,0,0,0,0,-
222,Jonathan Toews,CHI,C,72,175.23333333333,4,9,3,6,13,68.42,36,11.11,4.95,49,38,32,21,0,8,6,3,3,0,0,0,2,0,3,10,1,107,72,59.78
223,Mathieu Perreault,WPG,C,65,157.91666666667,2,9,5,4,11,52.38,31,6.45,4.61,53,45,32,11,0,3,6,3,3,0,0,0,3,4,2,3,0,19,11,63.33
224,David Schlemko,S.J,D,62,92.866666666667,1,2,1,1,3,50.00,28,3.57,1.43,44,31,8,3,0,2,0,0,0,0,0,0,0,2,0,1,0,0,0,-
225,Mark Letestu,EDM,C,78,167.03333333333,7,3,3,0,10,35.71,39,17.95,5.97,84,58,55,22,0,5,2,1,1,0,0,0,8,3,5,1,0,56,43,56.57
226,Ben Lovejoy,N.J,D,82,7.8166666666667,0,0,0,0,0,-,1,0.00,0.11,1,1,1,1,0,0,0,0,0,0,0,0,0,0,0,0,0,0,0,-
227,Teddy Purcell,L.A,"L, R",12,10.233333333333,0,0,0,0,0,-,0,-,0,0,0,0,0,0,0,0,0,0,0,0,0,0,0,0,1,0,1,0,100.00
228,Alex Killorn,T.B,"C, L",81,186.2,4,5,2,3,9,37.50,28,14.29,2.91,45,34,30,16,0,2,10,5,5,0,0,0,6,2,2,5,0,0,0,-
229,Luke Gazdic,N.J,L,11,0.16666666666667,0,0,0,0,0,-,0,-,0,0,0,0,0,0,0,10,2,0,2,0,0,0,0,0,0,0,0,0,-
230,Karl Alzner,WSH,D,82,2.6166666666667,0,0,0,0,0,-,0,-,0,0,0,0,0,0,0,2,1,1,0,0,0,0,0,0,0,0,0,0,-
231,Justin Falk,BUF,D,52,0.81666666666667,0,0,0,0,0,-,0,-,0,0,0,0,0,0,0,0,0,0,0,0,0,0,0,0,0,0,0,0,-
232,Jamie Benn,DAL,L,77,221.2,12,11,8,3,23,71.88,54,22.22,7.43,89,77,63,31,2,6,20,6,4,2,0,5,6,2,7,6,1,59,49,54.63
233,Steven Kampfer,"FLA, NYR",D,11,0.55,0,0,0,0,0,-,0,-,0,0,0,0,0,0,0,0,0,0,0,0,0,0,0,0,0,0,0,0,-
234,Paul Carey,WSH,C,6,0.083333333333333,0,0,0,0,0,-,0,-,0,0,0,0,0,0,0,0,0,0,0,0,0,0,0,0,0,0,0,0,-
235,Nick Bonino,PIT,C,80,139.71666666667,6,5,3,2,11,73.33,21,28.57,2.65,34,28,24,12,0,1,6,3,3,0,0,0,1,1,3,6,1,47,41,53.41
236,Ian Cole,PIT,D,81,10,0,1,1,0,1,100.00,0,-,0.06,1,1,0,0,0,0,14,4,2,2,0,0,0,0,0,0,0,0,0,-
237,Christopher DiDomenico,OTT,C,3,2.55,0,0,0,0,0,-,1,0.00,0.15,1,1,1,1,0,0,0,0,0,0,0,0,0,0,0,0,0,0,0,-
238,Justin Braun,S.J,D,81,9.3333333333333,0,0,0,0,0,0.00,0,-,0,1,0,1,0,0,0,0,0,0,0,0,0,0,0,0,0,0,0,0,-
239,Kevin Shattenkirk,"STL, WSH",D,80,244.45,7,17,8,9,24,68.57,48,14.58,3.07,88,58,23,3,0,5,11,4,3,1,0,0,5,8,2,4,0,0,0,-
240,Patrick Maroon,EDM,L,81,152.88333333333,3,2,2,0,5,38.46,30,10.00,4.71,43,38,35,27,0,2,30,9,5,4,0,1,5,3,2,4,0,0,0,-
241,James van Riemsdyk,TOR,L,82,186.68333333333,6,12,7,5,18,66.67,50,12.00,7.61,75,65,49,30,0,8,7,2,1,1,0,1,3,0,2,9,0,0,0,-
242,Paul Byron,MTL,L,81,44.066666666667,0,4,4,0,4,66.67,3,0.00,0.49,4,4,4,4,0,1,2,1,1,0,0,0,1,0,2,2,0,2,0,100.00
243,Sam Gagner,CBJ,C,81,191.75,6,10,6,4,16,55.17,46,13.04,7.82,79,67,59,30,1,8,2,1,1,0,0,1,2,0,1,4,0,55,51,51.89
244,Chris Terry,MTL,L,14,3,0,0,0,0,0,-,0,-,0,0,0,0,0,0,0,0,0,0,0,0,0,0,0,0,0,0,0,0,-
245,Logan Couture,S.J,C,73,198.66666666667,8,2,2,0,10,47.62,43,18.60,5.87,96,68,56,21,1,8,2,1,1,0,0,0,14,4,2,10,4,1,3,25.00
246,P.K. Subban,NSH,D,66,159.93333333333,2,10,6,4,12,70.59,29,6.90,1.78,66,37,12,0,0,5,8,4,4,0,0,0,3,1,2,3,0,0,0,-
247,Riley Nash,BOS,C,81,5.2166666666667,0,0,0,0,0,-,2,0.00,0.14,2,2,1,1,0,0,2,1,1,0,0,1,0,0,0,0,0,3,5,37.50
248,Thomas Hickey,NYI,D,76,49.95,0,2,1,1,2,66.67,4,0.00,0.46,14,11,1,0,0,1,2,1,1,0,0,0,1,0,1,3,0,0,0,-
249,Kyle Turris,OTT,C,78,218.8,5,10,7,3,15,57.69,31,16.13,3.56,74,51,32,6,0,7,0,0,0,0,0,1,22,2,0,9,0,107,96,52.71
250,Paul Postma,WPG,D,65,1.75,0,0,0,0,0,-,0,-,0,0,0,0,0,0,0,0,0,0,0,0,0,0,0,0,0,0,0,0,-
251,Brendan Smith,"DET, NYR",D,51,45.35,1,2,2,0,3,60.00,9,11.11,0.51,25,12,1,1,0,2,14,4,2,2,0,3,2,0,4,4,0,0,0,-
252,Brandon Sutter,VAN,C,81,200.48333333333,4,3,0,3,7,50.00,31,12.90,5.51,46,45,38,23,0,4,2,1,1,0,0,1,2,1,3,2,1,78,50,60.94
253,Colton Sceviour,FLA,C,80,64.816666666667,1,2,0,2,3,42.86,9,11.11,0.86,11,10,7,4,0,0,5,1,0,1,0,0,1,0,0,4,2,3,1,75.00
254,Dwight King,"L.A, MTL",L,80,17.65,0,0,0,0,0,-,2,0.00,0.22,3,2,1,1,0,0,0,0,0,0,0,0,0,0,1,1,0,0,1,0.00
255,David Perron,STL,L,82,171.08333333333,2,10,4,6,12,54.55,27,7.41,2.92,46,39,26,6,0,1,12,6,6,0,0,1,0,2,6,10,1,13,8,61.90
256,Carl Gunnarsson,STL,D,56,0.33333333333333,0,0,0,0,0,-,0,-,0,0,0,0,0,0,0,0,0,0,0,0,0,0,0,0,0,0,0,0,-
257,Yannick Weber,NSH,D,73,13.05,0,0,0,0,0,-,1,0.00,0.03,4,1,0,0,0,1,0,0,0,0,0,0,0,0,0,1,0,0,0,-
258,Patrick Kane,CHI,R,82,259.95,7,14,8,6,21,75.00,61,11.48,6.02,101,76,49,15,1,3,6,3,3,0,0,0,6,3,2,11,1,3,16,15.79
259,Robert Bortuzzo,STL,D,38,1.3833333333333,0,0,0,0,0,-,1,0.00,0.03,1,1,0,0,0,0,0,0,0,0,0,0,0,0,0,0,0,0,0,-
260,Mikael Backlund,CGY,C,81,161.11666666667,7,9,7,2,16,72.73,25,28.00,4.5,48,36,31,14,0,1,0,0,0,0,0,0,11,3,1,2,0,75,46,61.98
261,Ryan McDonagh,NYR,D,77,226.26666666667,1,13,8,5,14,51.85,39,2.56,2.65,80,55,16,3,1,5,4,2,2,0,0,0,8,5,3,4,5,0,0,-
262,Max Pacioretty,MTL,L,81,207.7,8,4,1,3,12,54.55,34,23.53,3.82,69,52,23,7,0,3,6,3,3,0,0,0,9,1,1,14,1,19,15,55.88
263,Jakub Voracek,PHI,R,82,274.78333333333,5,16,10,6,21,53.85,86,5.81,6.97,154,115,47,8,1,17,9,3,2,1,0,1,15,2,0,11,2,0,2,0.00
264,Jake Muzzin,L.A,D,82,195.46666666667,4,6,2,4,10,47.62,52,7.69,3.41,98,67,30,2,1,5,8,4,4,0,0,0,5,2,2,5,4,0,0,-
265,Alec Martinez,L.A,D,82,173.81666666667,2,13,7,6,15,68.18,41,4.88,3.53,95,67,21,3,0,10,2,1,1,0,0,0,1,1,2,5,6,0,0,-
266,Carl Hagelin,PIT,L,61,7.1333333333333,0,0,0,0,0,-,0,-,0,0,0,0,0,0,0,2,1,1,0,0,0,0,0,0,0,0,0,0,-
267,Lars Eller,WSH,C,81,14.45,0,1,1,0,1,50.00,3,0.00,0.55,3,3,3,1,0,0,2,1,1,0,0,1,3,0,0,2,0,5,3,62.50
268,Wayne Simmonds,PHI,R,82,285.18333333333,14,9,4,5,23,51.11,51,27.45,14.12,83,80,80,70,1,10,38,9,4,4,1,2,10,2,5,24,0,1,1,50.00
269,Nick Holden,NYR,D,80,47.783333333333,3,1,0,1,4,40.00,6,50.00,0.6,16,10,8,1,0,0,9,3,2,1,0,1,2,1,2,0,0,0,0,-
270,Jason Demers,FLA,D,81,128.66666666667,0,5,2,3,5,62.50,17,0.00,1.54,41,29,7,3,0,4,0,0,0,0,0,1,2,0,3,3,2,0,0,-
271,Micheal Haley,S.J,C,58,1.6,0,0,0,0,0,-,0,-,0,0,0,0,0,0,0,51,12,3,9,0,0,0,0,0,0,0,0,0,-
272,Zack Smith,OTT,C,74,102.61666666667,1,0,0,0,1,20.00,11,9.09,2.28,19,16,16,10,0,3,10,5,5,0,0,3,6,1,0,9,0,31,33,48.44
273,Jay Beagle,WSH,C,81,7.4166666666667,0,0,0,0,0,-,1,0.00,0.25,2,2,1,1,1,0,2,1,1,0,0,0,0,0,0,0,0,6,4,60.00
274,Jason Garrison,T.B,D,70,8.1333333333333,0,0,0,0,0,-,0,-,0,0,0,0,0,0,0,0,0,0,0,0,0,0,0,0,1,0,0,0,-
275,Drew Doughty,L.A,D,82,254.28333333333,5,13,8,5,18,62.07,51,9.80,4.01,104,75,32,4,0,7,4,2,2,0,0,0,10,0,5,7,1,0,0,-
276,Steven Stamkos,T.B,C,17,49.3,3,3,2,1,6,66.67,25,12.00,2.57,42,33,21,3,0,2,0,0,0,0,0,0,2,0,1,2,0,2,2,50.00
277,Alex Pietrangelo,STL,D,80,191.76666666667,6,12,4,8,18,72.00,34,17.65,2.85,52,44,19,3,0,2,0,0,0,0,0,1,2,0,0,4,2,0,0,-
278,Zach Bogosian,BUF,D,56,5.9333333333333,0,1,0,1,1,100.00,2,0.00,0.05,3,2,0,0,0,1,2,1,1,0,0,0,0,0,0,0,1,0,0,-
279,Luke Schenn,ARI,D,78,1.05,0,0,0,0,0,-,0,-,0,0,0,0,0,0,0,7,2,1,1,0,0,0,0,0,0,0,0,0,-
280,Colin Wilson,NSH,"C, L",70,135.95,6,1,1,0,7,43.75,20,30.00,3.81,32,28,29,20,1,2,0,0,0,0,0,1,8,0,0,10,0,0,2,0.00
281,Mikkel Boedker,S.J,L,81,123.73333333333,0,1,1,0,1,14.29,13,0.00,1.55,20,16,13,4,0,3,4,2,2,0,0,1,9,0,1,6,4,0,6,0.00
282,Josh Bailey,NYI,"C, R",82,217.16666666667,3,9,5,4,12,57.14,37,8.11,4.63,57,48,35,15,0,4,0,0,0,0,0,1,15,0,2,6,5,2,2,50.00
283,Tyler Myers,WPG,D,11,18.883333333333,0,0,0,0,0,0.00,2,0.00,0.18,5,3,0,0,0,0,0,0,0,0,0,0,0,0,0,1,1,0,0,-
284,Joe Colborne,COL,C,62,46.85,2,1,1,0,3,60.00,10,20.00,2.02,11,11,9,9,0,2,2,1,1,0,0,1,1,0,5,3,1,11,6,64.71
285,Erik Karlsson,OTT,D,77,265.18333333333,3,20,8,12,23,74.19,52,5.77,4.15,120,81,27,4,0,11,6,3,3,0,0,2,9,2,4,2,2,0,0,-
286,Luca Sbisa,VAN,D,82,4.7,0,0,0,0,0,0.00,0,-,0,0,0,0,0,0,0,5,1,0,1,0,0,0,0,0,0,0,0,0,-
287,Jake Gardiner,TOR,D,82,197.13333333333,1,9,2,7,10,40.00,27,3.70,1.74,59,37,13,1,0,3,2,1,1,0,0,1,12,4,1,5,6,0,0,-
288,Michael Del Zotto,PHI,D,51,47.9,0,0,0,0,0,0.00,11,0.00,0.99,20,14,9,3,0,2,2,1,1,0,0,0,2,0,0,0,0,0,0,-
289,Jordan Eberle,EDM,"C, R",82,174.6,3,10,4,6,13,59.09,34,8.82,4.68,66,46,38,13,1,5,0,0,0,0,0,0,8,1,1,7,3,0,1,0.00
290,Tyler Ennis,BUF,"C, L",51,65.95,0,3,2,1,3,33.33,11,0.00,0.69,15,12,7,2,1,0,0,0,0,0,0,1,1,1,4,4,0,0,4,0.00
291,John Carlson,WSH,D,72,183.46666666667,3,11,5,6,14,73.68,48,6.25,3.55,94,72,20,0,0,5,2,1,1,0,0,0,8,5,1,4,9,0,0,-
292,Cody Goloubef,COL,D,33,1.0666666666667,0,0,0,0,0,-,0,-,0,1,0,1,0,0,0,0,0,0,0,0,0,0,0,0,0,0,0,0,-
293,Roman Josi,NSH,D,72,203.95,3,8,2,6,11,50.00,38,7.89,2.83,78,55,20,5,1,5,2,1,1,0,0,0,5,2,0,9,3,0,0,-
294,Justin Schultz,PIT,D,78,205.16666666667,2,15,7,8,17,54.84,27,7.41,2.36,56,37,20,2,1,2,2,1,1,0,0,0,4,1,2,5,4,0,0,-
295,Patrick Wiercioch,COL,D,57,52.2,0,0,0,0,0,0.00,5,0.00,0.22,12,7,1,0,0,0,0,0,0,0,0,0,0,1,3,1,0,0,0,-
296,Zac Dalpe,MIN,C,9,0.1,0,0,0,0,0,-,0,-,0,0,0,0,0,0,0,5,1,0,1,0,0,0,0,0,0,0,0,1,0.00
297,Travis Hamonic,NYI,D,49,25.466666666667,0,1,0,1,1,33.33,7,0.00,0.3,12,9,1,0,0,0,15,3,0,3,0,2,1,1,1,1,0,0,0,-
298,Derek Stepan,NYR,C,81,196.61666666667,4,13,8,5,17,70.83,24,16.67,3.37,47,36,26,11,0,5,0,0,0,0,0,0,10,2,1,10,0,78,87,47.27
299,Marco Scandella,MIN,D,71,19.7,0,0,0,0,0,0.00,2,0.00,0.13,10,3,2,0,0,0,5,1,0,1,0,0,0,0,1,2,0,0,0,-
300,Jimmy Hayes,BOS,R,58,18.65,0,0,0,0,0,-,1,0.00,0.34,2,2,2,1,0,0,10,2,0,2,0,0,0,0,0,0,0,0,2,0.00
301,Jori Lehtera,STL,C,64,85.333333333333,0,3,0,3,3,27.27,2,0.00,0.2,5,2,0,0,0,1,0,0,0,0,0,1,2,0,0,6,0,41,39,51.25
302,Michael Stone,"ARI, CGY",D,64,78.483333333333,1,3,1,2,4,80.00,15,6.67,0.9,25,21,4,1,0,0,6,3,3,0,0,0,1,1,1,0,2,0,0,-
303,Adam Henrique,N.J,C,82,191.83333333333,6,4,3,1,10,58.82,23,26.09,3.81,34,29,27,20,1,3,0,0,0,0,0,1,6,2,6,12,0,68,60,53.13
304,Lance Bouma,CGY,"C, L",61,2.8166666666667,0,0,0,0,0,-,0,-,0,0,0,0,0,0,0,9,3,2,1,0,0,0,0,0,0,0,0,1,0.00
305,David Warsofsky,PIT,D,7,6.4,0,0,0,0,0,0.00,1,0.00,0.03,1,1,0,0,0,0,0,0,0,0,0,0,1,0,0,0,0,0,0,-
306,Dale Weise,PHI,R,64,61.166666666667,1,1,1,0,2,100.00,7,14.29,1.15,10,10,9,6,0,0,12,3,1,2,0,0,0,0,5,2,0,0,0,-
307,TJ Brodie,CGY,D,82,216.7,1,9,7,2,10,43.48,14,7.14,1.18,37,22,9,2,0,2,0,0,0,0,0,1,7,3,2,5,2,0,0,-
308,Gustav Nyquist,DET,"C, R",76,203.38333333333,1,7,4,3,8,53.33,28,3.57,4.44,49,39,39,20,0,5,10,5,5,0,0,1,9,4,1,9,0,0,1,0.00
309,Derek Grant,"BUF, NSH",C,46,18.416666666667,0,0,0,0,0,0.00,0,-,0.19,2,1,1,1,1,0,5,1,0,1,0,0,0,0,0,0,0,7,5,58.33
310,Matt Calvert,CBJ,L,65,8.95,0,0,0,0,0,-,0,-,0,0,0,0,0,0,0,7,2,1,1,0,0,0,0,0,1,0,0,0,-
311,Greg Pateryn,"DAL, MTL",D,36,1.1333333333333,0,0,0,0,0,-,0,-,0,0,0,0,0,0,0,0,0,0,0,0,0,0,0,0,0,0,0,0,-
312,Mark Borowiecki,OTT,D,70,2.4833333333333,0,0,0,0,0,-,0,-,0,0,0,0,0,0,0,32,10,6,4,0,0,0,0,0,0,0,0,0,-
313,Philip Larsen,VAN,D,26,56.783333333333,0,1,1,0,1,50.00,11,0.00,0.88,33,20,9,2,1,2,0,0,0,0,0,0,0,0,0,1,0,0,0,-
314,Matt Martin,TOR,L,82,1.75,0,0,0,0,0,-,0,-,0,0,0,0,0,0,0,36,9,3,6,0,0,0,0,0,0,0,0,0,-
315,Cam Atkinson,CBJ,R,82,198.41666666667,10,9,4,5,19,61.29,39,25.64,6.89,72,55,45,15,0,3,0,0,0,0,0,1,4,1,2,1,2,0,0,-
316,Jared Spurgeon,MIN,D,76,167.61666666667,1,4,3,1,5,26.32,32,3.13,3.09,62,43,21,5,0,3,2,1,1,0,0,0,0,0,1,4,6,0,0,-
317,Mark Barberio,"COL, MTL",D,60,96.166666666667,1,2,1,1,3,42.86,10,10.00,1.24,27,17,4,3,0,0,2,1,1,0,0,0,2,0,1,3,1,0,0,-
318,Luke Witkowski,T.B,D,34,2.1,0,0,0,0,0,-,0,-,0,0,0,0,0,0,0,9,3,2,1,0,0,0,0,0,0,0,0,0,-
319,Ben Smith,"COL, TOR",R,40,0.38333333333333,0,0,0,0,0,-,0,-,0,0,0,0,0,0,0,0,0,0,0,0,0,0,0,0,0,0,1,0,100.00
320,Tommy Wingels,"OTT, S.J",C,73,2.95,0,0,0,0,0,-,0,-,0,0,0,0,0,0,0,7,2,1,1,0,0,0,0,0,0,0,2,0,100.00
321,Zach Redmond,MTL,D,16,0.13333333333333,0,0,0,0,0,-,0,-,0,0,0,0,0,0,0,0,0,0,0,0,0,0,0,0,0,0,0,0,-
322,Matt Bartkowski,CGY,D,24,0.75,0,0,0,0,0,-,0,-,0,1,0,0,0,0,0,0,0,0,0,0,0,0,0,0,0,0,0,0,-
323,Dalton Prout,"CBJ, N.J",D,29,0.38333333333333,0,0,0,0,0,-,0,-,0,0,0,0,0,0,0,0,0,0,0,0,0,0,0,0,0,0,0,0,-
324,Jordie Benn,"DAL, MTL",D,71,65.616666666667,0,2,0,2,2,100.00,11,0.00,1.19,28,21,5,2,0,2,0,0,0,0,0,0,3,0,0,3,1,0,0,-
325,Antoine Roussel,DAL,L,60,66.366666666667,0,3,2,1,3,60.00,3,0.00,1.36,13,12,11,9,0,1,29,7,2,5,0,0,0,0,1,5,1,0,0,-
326,Tyler Johnson,T.B,C,66,173.06666666667,6,9,6,3,15,51.72,26,23.08,3.01,53,37,25,6,0,3,2,1,1,0,0,0,4,0,1,8,0,74,56,56.92
327,Mike Hoffman,OTT,"C, L",74,218.61666666667,10,12,7,5,22,81.48,70,14.29,6.65,119,93,45,11,0,8,2,1,1,0,0,0,10,3,3,4,0,2,1,66.67
328,Tyler Bozak,TOR,C,78,176.68333333333,7,11,6,5,18,69.23,40,17.50,5.4,62,53,44,17,0,10,8,4,4,0,0,0,5,3,3,8,0,116,84,58.00
329,Jordan Schroeder,MIN,C,37,0.6,0,0,0,0,0,-,0,-,0,0,0,0,0,0,0,0,0,0,0,0,0,0,0,0,0,0,0,0,-
330,Marcus Johansson,WSH,L,82,229.5,5,14,4,10,19,55.88,17,29.41,3.13,31,28,19,15,0,2,0,0,0,0,0,1,10,3,2,9,0,5,7,41.67
331,Kyle Palmieri,N.J,"C, R",80,201.45,7,11,6,5,18,66.67,56,12.50,6.43,117,81,49,11,0,12,0,0,0,0,0,4,7,0,3,8,2,3,3,50.00
332,Simon Despres,ANA,D,1,3.85,0,0,0,0,0,-,1,0.00,0.02,1,1,0,0,0,1,0,0,0,0,0,0,0,0,1,0,0,0,0,-
333,Ryan O'Reilly,BUF,C,72,192.8,7,14,8,6,21,60.00,32,21.88,3.63,51,40,27,10,1,7,2,1,1,0,0,1,5,1,0,5,0,146,86,62.93
334,Kyle Clifford,L.A,L,73,6.4166666666667,0,0,0,0,0,-,2,0.00,0.18,2,2,1,1,0,0,37,7,1,5,1,0,1,0,1,0,0,0,0,-
335,Alex Chiasson,CGY,R,81,51.816666666667,0,2,0,2,2,40.00,7,0.00,1.62,11,11,11,10,0,2,0,0,0,0,0,1,2,0,0,3,0,0,0,-
336,Jakob Silfverberg,ANA,R,79,152.91666666667,5,4,2,2,9,64.29,27,18.52,4.03,44,39,30,14,1,0,2,1,1,0,0,1,6,0,3,12,1,1,2,33.33
337,Anton Lander,EDM,C,22,1.8166666666667,0,0,0,0,0,-,0,-,0,0,0,0,0,0,0,0,0,0,0,0,0,0,0,0,0,0,0,0,-
338,John Tavares,NYI,C,77,216.66666666667,6,9,5,4,15,71.43,60,10.00,7.75,103,83,71,24,1,6,2,1,1,0,0,2,12,4,0,7,0,152,105,59.14
339,Victor Hedman,T.B,D,79,228.88333333333,4,26,16,10,30,73.17,46,8.70,3.46,101,65,21,1,0,4,10,5,5,0,0,2,8,0,2,1,3,0,0,-
340,Matt Duchene,COL,C,77,176.05,3,5,3,2,8,80.00,20,15.00,4.07,32,28,23,16,0,5,2,1,1,0,0,0,7,2,1,6,1,79,39,66.95
341,Evander Kane,BUF,L,70,122.7,3,5,4,1,8,53.33,32,9.38,3.04,64,42,23,6,0,6,4,2,2,0,0,1,4,0,0,6,0,13,16,44.83
342,Brayden Schenn,PHI,C,79,277.41666666667,16,10,3,7,26,60.47,73,21.92,12.04,116,102,96,51,0,9,11,4,3,1,0,3,3,0,9,4,1,11,9,55.00
343,Oliver Ekman-Larsson,ARI,D,79,275.65,3,11,2,9,14,58.33,34,8.82,2.55,88,49,16,3,0,2,8,4,4,0,0,3,10,2,3,2,2,0,0,-
344,Nazem Kadri,TOR,C,82,173.98333333333,11,4,1,3,15,57.69,35,31.43,7.29,74,63,57,25,0,4,17,7,6,1,0,5,10,0,3,10,0,29,28,50.88
345,Magnus Paajarvi,STL,L,32,8.1166666666667,1,0,0,0,1,100.00,2,50.00,0.35,2,2,2,1,0,0,0,0,0,0,0,0,0,0,0,2,0,0,0,-
346,Ryan Ellis,NSH,D,71,148.38333333333,4,6,4,2,10,58.82,39,10.26,2.48,70,50,15,0,0,4,13,5,4,1,0,0,4,2,2,3,2,0,0,-
347,Calvin de Haan,NYI,D,82,48.933333333333,1,1,0,1,2,66.67,8,12.50,0.73,15,12,5,1,0,2,0,0,0,0,0,0,0,0,0,0,0,0,0,-
348,Zack Kassian,EDM,R,79,6.9166666666667,0,0,0,0,0,-,0,-,0,0,0,0,0,0,0,27,5,1,3,1,0,0,0,1,0,0,0,0,-
349,Dmitry Kulikov,BUF,D,47,40.816666666667,1,2,1,1,3,75.00,6,16.67,0.42,15,11,3,0,0,0,0,0,0,0,0,0,1,1,4,1,0,0,0,-
350,Peter Holland,"ARI, TOR",C,48,53.916666666667,1,0,0,0,1,50.00,7,14.29,1.07,13,11,9,6,0,1,4,2,2,0,0,1,4,0,0,9,0,15,16,48.39
351,Nick Leddy,NYI,D,81,225.93333333333,2,10,2,8,12,54.55,30,6.67,3.05,76,53,20,3,0,7,0,0,0,0,0,1,6,3,5,4,2,0,0,-
352,Chris Kreider,NYR,"C, L",75,186.33333333333,5,7,7,0,12,54.55,34,14.71,7.18,56,52,46,35,0,9,9,3,2,1,0,2,6,0,2,6,0,1,0,100.00
353,Jacob Josefson,N.J,C,38,35.1,0,1,0,1,1,50.00,3,0.00,0.31,5,4,3,1,0,0,0,0,0,0,0,0,2,0,1,3,0,7,6,53.85
354,John Moore,N.J,D,63,71.433333333333,1,2,0,2,3,60.00,13,7.69,0.78,22,17,3,1,1,0,2,1,1,0,0,0,2,0,0,3,0,0,0,-
355,Brayden McNabb,L.A,D,49,3.5333333333333,0,0,0,0,0,-,0,-,0,0,0,0,0,0,0,17,4,1,3,0,1,0,0,0,1,0,0,0,-
356,Reilly Smith,FLA,R,80,190.46666666667,6,5,1,4,11,61.11,44,13.64,5.08,69,54,35,19,1,3,7,2,1,1,0,1,12,0,4,9,1,0,0,-
357,Taylor Beck,"EDM, NYR",L,5,1.45,0,0,0,0,0,-,0,-,0,0,0,0,0,0,0,0,0,0,0,0,0,0,0,0,0,0,0,0,-
358,Tomas Tatar,DET,"C, L",82,183.75,5,3,2,1,8,61.54,21,23.81,4.54,58,44,43,13,0,0,2,1,1,0,0,0,7,0,0,8,0,1,2,33.33
359,Tyson Barrie,COL,D,74,209.03333333333,1,7,3,4,8,61.54,35,2.86,2.46,87,53,14,2,0,7,2,1,1,0,0,1,3,3,2,3,1,0,0,-
360,Eric Gelinas,COL,D,27,2.3166666666667,0,0,0,0,0,-,0,-,0,0,0,0,0,0,0,2,1,1,0,0,0,0,0,0,0,0,0,0,-
361,Dmitry Orlov,WSH,D,82,93.35,1,5,3,2,6,60.00,12,8.33,0.82,26,16,6,0,0,2,7,2,1,1,0,0,1,1,6,1,1,0,0,-
362,Brandon Pirri,NYR,"C, R",60,149.3,5,4,2,2,9,52.94,41,12.20,4.77,80,59,34,9,0,5,2,1,1,0,0,0,7,1,5,5,0,23,24,48.94
363,Brian Dumoulin,PIT,D,70,36.266666666667,0,4,2,2,4,80.00,4,0.00,0.26,10,6,2,0,0,2,0,0,0,0,0,0,1,1,0,1,0,0,0,-
364,Richard Panik,CHI,R,82,133.86666666667,4,4,2,2,8,57.14,15,26.67,3.68,26,22,20,13,0,3,2,1,1,0,0,0,1,3,1,6,1,0,0,-
365,Anton Rodin,VAN,R,3,1.4666666666667,0,0,0,0,0,-,0,-,0,1,0,0,0,0,0,0,0,0,0,0,0,0,0,0,0,0,0,0,-
366,Drew Shore,VAN,C,14,1.2833333333333,0,0,0,0,0,-,0,-,0,0,0,0,0,0,0,0,0,0,0,0,0,0,0,0,0,0,0,0,-
367,Mattias Ekholm,NSH,D,82,116.41666666667,0,3,1,2,3,33.33,14,0.00,1.42,38,23,12,2,1,1,2,1,1,0,0,0,4,1,0,1,0,0,0,-
368,Marcus Foligno,BUF,L,80,11.2,0,0,0,0,0,-,0,-,0.15,1,1,1,1,0,0,19,5,2,3,0,0,1,0,0,0,0,0,0,-
369,Sami Vatanen,ANA,D,71,190.83333333333,2,12,6,6,14,50.00,39,5.13,3.69,91,61,38,3,2,10,0,0,0,0,0,0,2,0,2,10,1,0,0,-
370,Linden Vey,CGY,R,4,7.45,0,0,0,0,0,-,0,-,0.21,3,2,2,2,0,0,0,0,0,0,0,0,0,0,0,1,0,0,0,-
371,Craig Smith,NSH,"C, R",78,87.9,2,1,1,0,3,50.00,8,25.00,1.82,24,19,13,6,0,1,0,0,0,0,0,0,4,0,1,3,1,7,7,50.00
372,Chris Wideman,OTT,D,76,114.65,1,4,3,1,5,62.50,14,7.14,1.17,27,22,8,0,1,0,11,4,3,1,0,2,2,3,1,4,2,0,0,-
373,Casey Cizikas,NYI,C,59,7,0,1,1,0,1,100.00,1,0.00,0.08,1,1,1,0,0,1,2,1,1,0,0,0,0,0,0,0,0,5,4,55.56
374,David Savard,CBJ,D,74,15.75,0,0,0,0,0,-,2,0.00,0.13,6,2,3,0,0,0,2,1,1,0,0,0,1,1,1,0,1,0,0,-
375,Nicolas Deslauriers,BUF,L,42,0.63333333333333,0,0,0,0,0,-,0,-,0,1,0,0,0,0,0,5,1,0,1,0,0,0,0,0,0,0,0,0,-
376,Cody Eakin,DAL,C,60,64.5,0,2,2,0,2,40.00,5,0.00,1.63,10,10,9,7,0,0,2,1,1,0,0,0,3,0,1,0,0,27,17,61.36
377,Kevin Connauton,ARI,D,24,5.35,0,0,0,0,0,-,0,-,0,0,0,0,0,0,0,2,1,1,0,0,0,0,0,0,0,0,0,0,-
378,Andrej Nestrasil,CAR,C,19,9.8666666666667,0,0,0,0,0,-,2,0.00,0.19,2,2,1,1,0,0,0,0,0,0,0,0,0,0,1,0,0,1,0,100.00
379,Gabriel Dumont,T.B,C,39,2.3,0,0,0,0,0,-,0,-,0,0,0,0,0,0,0,2,1,1,0,0,1,0,0,0,0,0,3,0,100.00
380,Wade Megan,STL,C,3,0.11666666666667,0,0,0,0,0,-,0,-,0,0,0,0,0,0,0,0,0,0,0,0,0,0,0,0,0,0,0,0,-
381,Byron Froese,"T.B, TOR",C,6,2.9333333333333,0,0,0,0,0,-,0,-,0,0,0,0,0,0,0,5,1,0,1,0,0,0,0,0,0,0,0,2,0.00
382,Ben Chiarot,WPG,D,59,1.8666666666667,0,0,0,0,0,-,0,-,0,1,0,1,0,0,0,5,1,0,1,0,0,0,0,0,0,1,0,0,-
383,Erik Haula,MIN,"C, L",72,13.933333333333,1,0,0,0,1,100.00,3,33.33,0.08,3,3,0,0,0,0,4,2,2,0,0,1,0,0,0,1,0,8,7,53.33
384,Curtis McKenzie,DAL,L,53,2.35,0,0,0,0,0,-,0,-,0,0,0,0,0,0,0,15,3,0,3,0,0,0,0,0,0,0,0,0,-
385,Anders Lee,NYI,"C, L",81,182.75,9,5,3,2,14,70.00,36,25.00,6.91,53,50,45,41,1,2,8,4,4,0,0,2,3,1,6,5,1,5,4,55.56
386,Phil Varone,OTT,C,7,4.9833333333333,0,0,0,0,0,-,0,-,0.05,1,1,1,0,0,0,0,0,0,0,0,0,0,0,2,1,0,0,0,-
387,Marcus Kruger,CHI,C,70,6.9333333333333,0,0,0,0,0,-,0,-,0,0,0,0,0,0,0,0,0,0,0,0,0,0,0,0,1,0,0,6,0.00
388,Nick Jensen,DET,D,49,3.15,0,0,0,0,0,-,1,0.00,0.12,1,1,1,0,0,0,0,0,0,0,0,0,0,0,0,0,0,0,0,-
389,Jordan Nolan,L.A,C,46,8.2,0,0,0,0,0,-,0,-,0,1,0,0,0,0,0,5,1,0,1,0,0,0,0,0,1,0,0,0,-
390,Nic Dowd,L.A,C,70,109.21666666667,1,7,4,3,8,61.54,17,5.88,2.42,28,22,15,7,1,1,9,3,2,1,0,0,6,1,1,10,0,50,45,52.63
391,Justin Dowling,DAL,C,9,0.83333333333333,0,1,0,1,1,100.00,0,-,0,0,0,0,0,0,0,0,0,0,0,0,0,0,0,0,0,0,1,0,100.00
392,Brandon Manning,PHI,D,65,11.983333333333,0,0,0,0,0,0.00,0,-,0.04,1,1,0,0,0,0,23,7,4,3,0,1,0,0,1,0,1,0,0,-
393,Mike Liambas,NSH,L,1,0.083333333333333,0,0,0,0,0,-,0,-,0,0,0,0,0,0,0,0,0,0,0,0,0,0,0,0,0,0,0,0,-
394,Brenden Dillon,S.J,D,81,6.9166666666667,0,0,0,0,0,-,1,0.00,0.04,2,1,0,0,0,0,5,1,0,1,0,1,0,0,0,0,0,0,0,-
395,Radko Gudas,PHI,D,67,4.5666666666667,0,1,0,1,1,100.00,2,0.00,0.06,2,2,0,0,0,0,18,6,4,2,0,2,0,0,0,0,0,0,0,-
396,Shane Harper,FLA,R,14,0.28333333333333,0,0,0,0,0,-,0,-,0,0,0,0,0,0,0,12,3,1,2,0,0,0,0,0,0,0,0,0,-
397,Nate Prosser,MIN,D,39,0.4,0,1,0,1,1,100.00,0,-,0,0,0,0,0,0,0,0,0,0,0,0,0,0,0,0,0,0,0,0,-
398,Matt Irwin,NSH,D,74,3.95,0,0,0,0,0,-,0,-,0,1,1,0,0,0,0,2,1,1,0,0,0,0,0,0,0,0,0,0,-
399,Christopher Tanev,VAN,D,53,24.1,0,0,0,0,0,-,4,0.00,0.29,6,6,1,0,0,2,0,0,0,0,0,0,1,0,0,0,1,0,0,-
400,Mats Zuccarello,NYR,"C, R",80,206.68333333333,5,9,4,5,14,58.33,48,10.42,4.89,78,59,44,12,2,5,6,3,3,0,0,0,13,6,3,8,1,1,2,33.33
401,Calle Jarnkrok,NSH,C,81,67.266666666667,2,2,0,2,4,50.00,8,25.00,1.03,14,13,10,2,0,0,9,3,2,1,0,0,1,1,0,1,0,16,10,61.54
402,Oscar Lindberg,NYR,C,65,5.5333333333333,0,1,0,1,1,100.00,0,-,0,0,0,0,0,0,0,2,1,1,0,0,0,0,0,1,0,0,8,6,57.14
403,Martin Marincin,TOR,D,25,1.15,0,0,0,0,0,-,0,-,0,0,0,0,0,0,0,0,0,0,0,0,0,0,0,0,0,0,0,0,-
404,Jason Zucker,MIN,L,79,18.55,1,0,0,0,1,50.00,3,33.33,0.25,4,4,1,1,0,0,4,2,2,0,0,1,1,1,0,0,0,0,0,-
405,Tyler Toffoli,L.A,C,63,131.43333333333,4,2,0,2,6,46.15,25,16.00,3.78,54,38,30,11,0,1,0,0,0,0,0,1,3,1,1,5,0,1,0,100.00
406,Ryan Spooner,BOS,C,78,204.56666666667,3,14,8,6,17,56.67,36,8.33,3.97,55,46,23,9,0,8,0,0,0,0,0,1,14,3,0,7,0,3,3,50.00
407,Johan Larsson,BUF,"C, L",36,16.133333333333,1,0,0,0,1,100.00,4,25.00,1,7,6,6,6,1,2,0,0,0,0,0,1,0,0,1,1,0,3,3,50.00
408,Stephen Johns,DAL,D,61,16.45,0,1,1,0,1,33.33,1,0.00,0.04,2,1,1,0,0,1,0,0,0,0,0,0,0,0,0,0,0,0,0,-
409,Greg McKegg,"FLA, T.B",C,46,6.4166666666667,0,0,0,0,0,-,2,0.00,0.4,2,2,2,1,0,0,0,0,0,0,0,0,0,0,0,0,0,3,0,100.00
410,Jordan Weal,PHI,C,23,34.15,0,0,0,0,0,-,8,0.00,0.95,9,9,5,2,0,2,0,0,0,0,0,0,0,0,1,1,0,3,4,42.86
411,Michael Bournival,T.B,L,19,2.2666666666667,0,0,0,0,0,-,0,-,0,0,0,0,0,0,0,0,0,0,0,0,0,0,0,0,0,0,0,0,-
412,Evgeny Kuznetsov,WSH,C,82,161.71666666667,3,11,7,4,14,73.68,23,13.04,2.39,54,33,26,5,0,0,6,3,3,0,0,1,10,0,0,3,0,41,27,60.29
413,Charlie Coyle,MIN,C,82,168.56666666667,4,5,2,3,9,60.00,17,23.53,3.23,28,24,25,18,0,3,12,6,6,0,0,2,3,1,2,6,0,18,24,42.86
414,Patrik Nemeth,DAL,D,40,1.6333333333333,0,0,0,0,0,0.00,0,-,0,0,0,0,0,0,0,0,0,0,0,0,0,0,0,0,0,0,0,0,-
415,Jon Merrill,N.J,D,51,15.383333333333,0,0,0,0,0,0.00,1,0.00,0.04,1,1,0,0,0,0,2,1,1,0,0,0,0,0,1,2,0,0,0,-
416,Tyler Pitlick,EDM,"C, R",31,1.95,0,0,0,0,0,-,0,-,0,0,0,0,0,0,0,0,0,0,0,0,0,0,0,0,0,0,1,0,100.00
417,Justin Faulk,CAR,D,75,196.1,3,9,5,4,12,54.55,48,6.25,4.62,117,77,22,4,0,7,4,1,1,0,0,0,5,4,5,5,3,0,0,-
418,Brock Nelson,NYI,C,81,145.66666666667,1,5,4,1,6,46.15,28,3.57,3.41,46,33,36,17,0,4,6,3,3,0,0,3,3,0,0,6,1,23,18,56.10
419,Alex Petrovic,FLA,D,49,5.8166666666667,0,0,0,0,0,-,0,-,0,0,0,0,0,0,0,16,5,3,2,0,0,0,0,0,0,0,0,0,-
420,Devante Smith-Pelly,N.J,R,53,57.45,0,2,2,0,2,100.00,8,0.00,1.56,11,11,10,9,0,0,0,0,0,0,0,1,0,0,6,3,0,8,8,50.00
421,Nick Bjugstad,FLA,C,54,74.933333333333,1,2,1,1,3,37.50,20,5.00,2.67,28,23,17,8,0,3,4,2,2,0,0,0,1,0,2,2,0,25,20,55.56
422,Beau Bennett,N.J,R,65,107.23333333333,1,1,1,0,2,40.00,13,7.69,1.53,26,21,12,4,0,0,2,1,1,0,0,0,4,2,6,1,1,1,1,50.00
423,Derek Forbort,L.A,D,82,12.416666666667,0,0,0,0,0,0.00,2,0.00,0.08,3,2,0,0,0,1,4,2,2,0,0,0,0,0,0,1,0,0,0,-
424,Kevin Hayes,NYR,"C, R",76,108.15,1,5,1,4,6,46.15,15,6.67,1.42,29,20,12,2,0,1,2,1,1,0,0,0,4,0,0,2,1,24,27,47.06
425,Cam Fowler,ANA,D,80,234.21666666667,4,10,2,8,14,45.16,61,6.56,4.24,130,79,38,4,0,13,2,1,1,0,0,0,11,1,0,2,8,0,0,-
426,Vladimir Tarasenko,STL,R,82,234.7,8,11,6,5,19,61.29,54,14.81,6.25,116,84,47,10,3,8,0,0,0,0,0,0,3,1,1,5,0,0,0,-
427,Austin Watson,NSH,L,77,9.95,0,0,0,0,0,-,1,0.00,0.28,4,3,3,2,0,0,49,11,2,9,0,3,0,0,1,1,0,0,0,-
428,Jaden Schwartz,STL,"C, L",78,200.56666666667,2,6,4,2,8,42.11,34,5.88,5.06,52,44,36,23,2,3,2,1,1,0,0,0,3,1,3,9,1,10,15,40.00
429,Quinton Howden,WPG,C,5,0.95,0,0,0,0,0,-,0,-,0,0,0,0,0,0,0,0,0,0,0,0,0,0,0,0,0,0,0,0,-
430,Emerson Etem,ANA,"L, R",3,1.1333333333333,0,0,0,0,0,-,0,-,0,0,0,0,0,0,0,0,0,0,0,0,0,0,0,0,0,0,0,0,-
431,Riley Sheahan,DET,C,80,85.85,1,2,1,1,3,37.50,7,14.29,1.06,11,11,9,6,0,0,4,2,2,0,0,0,0,0,0,4,0,12,9,57.14
432,Chris Wagner,ANA,"C, R",43,2.9833333333333,0,0,0,0,0,-,0,-,0,0,0,0,0,0,0,0,0,0,0,0,0,0,0,1,1,0,1,0,100.00
433,Jeff Skinner,CAR,"C, L",79,172.38333333333,6,8,6,2,14,87.50,51,11.76,6.28,84,69,44,20,1,7,8,4,4,0,0,2,9,8,1,4,1,2,1,66.67
434,Zach Hyman,TOR,C,82,11.783333333333,0,0,0,0,0,0.00,0,-,0,0,0,0,0,0,0,0,0,0,0,0,0,0,0,1,1,0,0,0,-
435,Alexander Burmistrov,"ARI, WPG",C,49,55.816666666667,4,1,1,0,5,62.50,12,33.33,1.32,17,13,7,5,0,1,2,1,1,0,0,1,1,0,0,3,0,7,16,30.43
436,Erik Gudbranson,VAN,D,30,6.6666666666667,0,0,0,0,0,-,2,0.00,0.12,3,3,0,0,0,1,5,1,0,1,0,0,0,0,0,0,0,0,0,-
437,Taylor Hall,N.J,L,72,187.26666666667,7,8,5,3,15,57.69,45,15.56,5.29,75,59,38,19,0,4,0,0,0,0,0,0,5,1,1,14,0,2,3,40.00
438,Brett Connolly,WSH,R,66,29.683333333333,1,0,0,0,1,25.00,6,16.67,0.91,9,7,7,5,0,1,4,2,2,0,0,0,1,1,2,0,0,2,3,40.00
439,Ryan Johansen,NSH,C,82,222.9,3,17,9,8,20,83.33,30,10.00,3.15,58,40,27,7,0,3,20,7,5,2,0,2,19,3,3,6,1,73,50,59.35
440,Tyler Seguin,DAL,C,82,240.06666666667,10,16,7,9,26,72.22,81,12.35,8.15,129,105,58,13,1,9,0,0,0,0,0,1,7,0,0,3,0,27,24,52.94
441,Mark Pysyk,FLA,D,82,7.8333333333333,0,0,0,0,0,-,1,0.00,0,1,1,0,0,0,1,0,0,0,0,0,0,0,0,0,0,0,0,0,-
442,Mikael Granlund,MIN,C,81,173.86666666667,7,13,9,4,20,80.00,22,31.82,4.92,49,37,34,19,0,6,4,2,2,0,0,0,9,0,1,14,0,3,4,42.86
443,Nino Niederreiter,MIN,R,82,161.91666666667,8,6,5,1,14,56.00,36,22.22,5.77,54,50,49,34,0,7,10,5,5,0,0,0,3,1,4,7,0,0,1,0.00
444,Teemu Pulkkinen,"ARI, MIN",L,13,8.9,0,0,0,0,0,-,0,-,0.11,4,1,3,1,0,1,0,0,0,0,0,0,0,0,0,3,0,0,0,-
445,Joakim Nordstrom,CAR,"C, L",82,4.7666666666667,0,0,0,0,0,-,0,-,0,0,0,0,0,0,0,5,1,0,1,0,0,0,0,1,0,0,0,3,0.00
446,Michael Chaput,VAN,C,68,6.0833333333333,0,0,0,0,0,-,1,0.00,0.02,1,1,0,0,0,0,5,1,0,1,0,2,0,0,0,0,0,5,2,71.43
447,Bryan Rust,PIT,R,57,13.616666666667,0,0,0,0,0,0.00,0,-,0.2,4,2,4,0,0,0,0,0,0,0,0,0,0,0,0,2,0,0,0,-
448,Julian Melchiori,WPG,D,18,0.33333333333333,0,0,0,0,0,-,0,-,0,1,0,0,0,0,0,0,0,0,0,0,0,0,0,0,0,0,0,0,-
449,Joonas Donskoi,S.J,R,61,84.9,1,3,0,3,4,80.00,16,6.25,2.31,25,21,17,10,0,2,2,1,1,0,0,3,6,0,1,12,0,2,0,100.00
450,Tom Kuhnhackl,PIT,R,57,2.8,0,0,0,0,0,-,0,-,0,1,0,0,0,0,0,0,0,0,0,0,0,0,0,0,0,0,0,0,-
451,Marcus Sorensen,S.J,R,19,2.0333333333333,0,0,0,0,0,-,0,-,0,0,0,0,0,0,0,0,0,0,0,0,0,0,0,0,0,0,1,1,50.00
452,Tim Heed,S.J,D,1,0.85,0,0,0,0,0,-,0,-,0,0,0,0,0,0,0,0,0,0,0,0,0,0,0,0,0,0,0,0,-
453,Kenny Agostino,STL,L,7,8.9333333333333,0,1,1,0,1,100.00,2,0.00,0.08,3,3,1,0,0,1,0,0,0,0,0,0,0,0,0,0,0,0,0,-
454,Brendan Gallagher,MTL,R,64,126.3,1,2,0,2,3,21.43,17,5.88,2.97,26,22,21,15,0,1,10,4,4,0,0,0,4,2,1,10,0,8,11,42.11
455,Jesper Fast,NYR,R,68,6.8,0,0,0,0,0,0.00,0,-,0,0,0,0,0,0,0,0,0,0,0,0,0,0,0,0,1,0,0,1,0.00
456,Kevin Gravel,L.A,D,49,47.2,1,1,0,1,2,100.00,6,16.67,0.53,14,8,5,1,0,0,2,1,1,0,0,0,0,0,0,1,0,0,0,-
457,Anthony Bitetto,NSH,D,29,5.6833333333333,0,0,0,0,0,-,2,0.00,0.06,2,2,0,0,0,0,5,1,0,1,0,0,0,0,0,0,0,0,0,-
458,Brandon Davidson,"EDM, MTL",D,38,1.5333333333333,0,0,0,0,0,-,0,-,0,0,0,0,0,0,0,0,0,0,0,0,0,0,1,0,0,0,0,0,-
459,John Klingberg,DAL,D,80,235.35,4,12,7,5,16,47.06,20,20.00,2.62,65,42,26,5,1,5,4,2,2,0,0,0,11,3,0,6,6,1,0,100.00
460,Micheal Ferland,CGY,L,76,35.15,2,1,0,1,3,75.00,6,33.33,1.25,7,7,7,5,0,0,25,5,0,5,0,0,1,0,3,2,0,0,0,-
461,Mark Stone,OTT,R,71,207.28333333333,6,8,4,4,14,53.85,23,26.09,5.53,36,36,29,19,0,4,7,2,1,1,0,2,12,4,0,4,2,4,7,36.36
462,Marek Hrivik,NYR,L,16,1.0166666666667,0,1,0,1,1,100.00,0,-,0,0,0,0,0,0,0,0,0,0,0,0,0,0,0,0,0,0,0,1,0.00
463,Michael Sgarbossa,"ANA, FLA",C,38,25.066666666667,1,1,1,0,2,100.00,2,50.00,0.38,2,2,2,1,0,0,2,1,1,0,0,0,1,0,1,1,0,8,7,53.33
464,Ryan Garbutt,ANA,C,27,1.9666666666667,0,0,0,0,0,-,0,-,0,0,0,0,0,0,0,0,0,0,0,0,0,0,0,0,0,0,0,0,-
465,Harry Zolnierczyk,NSH,L,24,0.21666666666667,0,0,0,0,0,-,0,-,0,0,0,0,0,0,0,2,1,1,0,0,0,0,0,0,0,0,0,0,-
466,Steve Oleksy,PIT,D,11,0.05,0,0,0,0,0,-,0,-,0,0,0,0,0,0,0,7,2,1,1,0,0,0,0,0,0,0,0,0,-
467,Taylor Fedun,BUF,D,27,33.1,0,3,0,3,3,75.00,2,0.00,0.09,5,3,0,0,0,0,0,0,0,0,0,0,0,0,0,0,0,0,0,-
468,Matt Read,PHI,R,63,41.55,1,0,0,0,1,20.00,5,20.00,1.04,7,7,7,5,0,0,0,0,0,0,0,0,0,0,1,1,0,1,0,100.00
469,Kevan Miller,BOS,D,58,3.2833333333333,0,0,0,0,0,-,0,-,0,3,0,2,0,0,1,12,3,1,2,0,1,0,0,0,0,0,0,0,-
470,Cory Conacher,T.B,C,11,20.2,1,0,0,0,1,100.00,2,50.00,0.2,6,3,2,1,0,0,0,0,0,0,0,1,2,1,0,1,0,0,0,-
471,Paul Thompson,FLA,R,21,0.18333333333333,0,0,0,0,0,-,1,0.00,0.06,1,1,1,0,0,0,5,1,0,1,0,0,0,0,0,0,0,0,0,-
472,Jyrki Jokipakka,"CGY, OTT",D,41,3.85,0,0,0,0,0,-,0,-,0,0,0,0,0,0,0,2,1,1,0,0,0,0,0,0,0,0,0,0,-
473,Matthew Peca,T.B,C,10,9.1833333333333,0,0,0,0,0,-,0,-,0,0,0,0,0,0,0,0,0,0,0,0,0,0,0,0,2,0,1,1,50.00
474,Ryan Dzingel,OTT,"C, L",81,106.43333333333,1,2,1,1,3,42.86,16,6.25,2.66,25,19,20,13,0,3,0,0,0,0,0,0,1,1,1,4,0,0,1,0.00
475,Alexey Marchenko,"DET, TOR",D,41,2.65,0,0,0,0,0,-,0,-,0,1,0,1,0,0,0,0,0,0,0,0,1,0,0,0,0,0,0,0,-
476,Ondrej Palat,T.B,L,75,194.58333333333,4,10,4,6,14,43.75,23,17.39,4.04,35,33,34,15,1,3,4,2,2,0,0,3,6,3,7,11,1,0,0,-
477,Scott Wilson,PIT,"C, L",78,28.8,0,0,0,0,0,0.00,6,0.00,1.33,8,7,7,5,0,1,0,0,0,0,0,0,1,0,0,2,0,0,0,-
478,Nikita Nesterov,"MTL, T.B",D,48,55.183333333333,1,1,0,1,2,66.67,6,16.67,0.41,19,11,1,0,0,0,0,0,0,0,0,1,2,0,0,0,0,0,0,-
479,Frank Corrado,"PIT, TOR",D,4,0.28333333333333,0,0,0,0,0,-,0,-,0,0,0,0,0,0,0,2,1,1,0,0,0,0,0,0,0,0,0,0,-
480,Lukas Sedlak,CBJ,C,62,2.2166666666667,0,0,0,0,0,-,0,-,0,0,0,0,0,0,0,7,2,1,1,0,0,0,0,0,0,0,3,0,100.00
481,Josh Manson,ANA,D,82,4.8833333333333,0,0,0,0,0,0.00,0,-,0,0,0,0,0,0,0,12,3,1,2,0,0,0,0,0,0,0,0,0,-
482,Max McCormick,OTT,"L, R",7,0.083333333333333,0,0,0,0,0,-,0,-,0,0,0,0,0,0,0,0,0,0,0,0,0,0,0,0,0,0,0,0,-
483,Josh Archibald,PIT,R,10,0.2,0,0,0,0,0,-,0,-,0,0,0,0,0,0,0,2,1,1,0,0,0,0,0,0,0,0,0,1,0.00
484,Dylan DeMelo,S.J,D,25,33.083333333333,0,0,0,0,0,-,4,0.00,0.22,8,5,2,0,0,1,0,0,0,0,0,0,1,0,0,3,0,0,0,-
485,Iiro Pakarinen,EDM,R,14,1.7833333333333,0,0,0,0,0,-,0,-,0,0,0,0,0,0,0,0,0,0,0,0,0,0,0,0,0,0,0,0,-
486,Tyler Graovac,MIN,C,52,2.05,0,0,0,0,0,-,0,-,0,1,0,1,0,0,0,0,0,0,0,0,0,0,0,0,0,0,1,1,50.00
487,Johnny Gaudreau,CGY,L,72,219.5,2,11,7,4,13,52.00,41,4.88,3.96,81,60,38,11,0,6,2,1,1,0,0,1,21,4,0,5,0,0,0,-
488,Tobias Rieder,ARI,"C, R",80,91.933333333333,2,2,2,0,4,50.00,9,22.22,1.43,19,14,13,5,0,1,0,0,0,0,0,0,1,2,2,7,0,0,0,-
489,Fredrik Claesson,OTT,D,33,6.7,0,0,0,0,0,-,1,0.00,0.06,3,1,2,0,0,0,0,0,0,0,0,0,0,0,0,1,0,0,0,-
490,Blake Pietila,N.J,L,10,0.33333333333333,0,0,0,0,0,-,0,-,0,0,0,0,0,0,0,2,1,1,0,0,0,0,0,0,0,0,2,0,100.00
491,Sean Kuraly,BOS,C,8,0.16666666666667,0,0,0,0,0,-,0,-,0,0,0,0,0,0,0,0,0,0,0,0,0,0,0,0,0,0,0,0,-
492,Andrew Shaw,MTL,C,68,134.16666666667,1,5,2,3,6,42.86,9,11.11,2.01,19,12,13,10,0,2,13,5,4,1,0,1,1,0,5,5,0,42,39,51.85
493,Shane Prince,NYI,"C, L",50,59.966666666667,1,2,1,1,3,100.00,8,12.50,0.85,15,9,12,4,0,1,2,1,1,0,0,1,2,0,0,6,0,2,2,50.00
494,Vincent Trocheck,FLA,C,82,210.53333333333,2,10,8,2,12,63.16,32,6.25,3.97,64,55,28,6,0,4,10,5,5,0,0,0,11,0,2,11,0,94,80,54.02
495,Joseph Cramarossa,"ANA, VAN",C,59,4.2,0,0,0,0,0,-,1,0.00,0.07,1,1,1,0,0,1,30,5,0,4,1,0,0,0,0,0,0,0,0,-
496,Adam Lowry,WPG,"C, L",82,140.33333333333,5,3,1,2,8,53.33,23,21.74,5.42,36,33,35,30,0,6,12,6,6,0,0,0,1,1,6,3,0,41,34,54.67
497,Nick Cousins,PHI,C,60,69.75,1,0,0,0,1,100.00,8,12.50,0.83,12,10,8,4,0,3,6,3,3,0,0,1,1,0,1,7,2,7,6,53.85
498,Blake Coleman,N.J,C,23,1.45,0,0,0,0,0,-,0,-,0,0,0,0,0,0,0,0,0,0,0,0,0,0,0,0,0,0,1,2,33.33
499,Logan Shaw,ANA,"C, R",55,2.45,0,0,0,0,0,-,1,0.00,0.01,1,1,0,0,0,0,0,0,0,0,0,0,0,0,0,0,1,1,0,100.00
500,Klas Dahlbeck,CAR,D,43,0.85,0,0,0,0,0,-,0,-,0,0,0,0,0,0,0,0,0,0,0,0,0,0,0,0,0,0,0,0,-
501,Andy Andreoff,L.A,"C, L",36,2.7666666666667,0,0,0,0,0,-,0,-,0.09,1,1,1,0,0,0,16,5,3,2,0,0,0,0,0,0,0,0,1,0.00
502,Nick Shore,L.A,C,70,20.25,0,0,0,0,0,-,2,0.00,0.29,4,3,3,2,0,1,0,0,0,0,0,0,0,0,0,3,0,7,9,43.75
503,Alan Quine,NYI,C,61,67,2,1,0,1,3,100.00,7,28.57,1.33,10,9,7,4,1,1,0,0,0,0,0,0,0,0,0,2,1,15,12,55.56
504,Josh Leivo,TOR,L,13,24.866666666667,1,2,1,1,3,100.00,6,16.67,1.27,10,10,9,2,0,1,0,0,0,0,0,0,0,0,0,0,0,0,0,-
505,Kyle Rau,FLA,C,24,4.35,0,0,0,0,0,-,0,-,0,0,0,0,0,0,0,0,0,0,0,0,0,0,0,1,0,0,0,0,-
506,Robbie Russo,DET,D,19,2.5166666666667,0,0,0,0,0,0.00,0,-,0,0,0,0,0,0,0,0,0,0,0,0,0,0,0,0,0,1,0,0,-
507,Jean-Gabriel Pageau,OTT,C,82,26.9,0,0,0,0,0,-,5,0.00,0.59,5,5,5,2,0,2,4,2,2,0,0,0,0,0,0,2,0,7,4,63.64
508,Mike Reilly,MIN,D,17,20.466666666667,0,0,0,0,0,-,1,0.00,0.14,6,4,0,0,0,0,0,0,0,0,0,0,2,0,0,0,0,0,0,-
509,Reid Boucher,"N.J, NSH, VAN",C,39,59.733333333333,1,0,0,0,1,20.00,12,8.33,1.36,23,17,10,6,0,2,0,0,0,0,0,0,2,1,0,2,1,0,0,-
510,Joseph LaBate,VAN,C,13,0.2,0,0,0,0,0,-,0,-,0,0,0,0,0,0,0,10,2,0,2,0,0,0,0,0,0,0,0,0,-
511,Ty Rattie,"CAR, STL",R,9,0.91666666666667,0,0,0,0,0,-,0,-,0,0,0,0,0,0,0,0,0,0,0,0,0,0,0,0,0,0,0,0,-
512,Scott Mayfield,NYI,D,25,0.31666666666667,0,0,0,0,0,-,0,-,0,0,0,0,0,0,0,0,0,0,0,0,0,0,0,0,0,0,0,0,-
513,Tomas Jurco,"CHI, DET",L,29,9.0333333333333,0,0,0,0,0,-,1,0.00,0.29,5,3,3,1,0,0,0,0,0,0,0,0,0,0,0,3,0,0,0,-
514,Adam Clendening,NYR,D,31,44.416666666667,1,1,0,1,2,66.67,4,25.00,0.16,10,5,4,0,0,0,2,1,1,0,0,0,2,1,2,2,1,0,0,-
515,Boone Jenner,CBJ,C,82,91.566666666667,0,1,1,0,1,33.33,11,0.00,1.49,15,12,12,9,0,1,11,4,3,1,0,1,2,0,3,4,0,7,5,58.33
516,Dmitrij Jaskin,STL,R,51,19.733333333333,0,0,0,0,0,0.00,7,0.00,1.28,9,9,6,5,0,1,0,0,0,0,0,0,0,0,0,2,0,1,0,100.00
517,Victor Rask,CAR,C,82,167.78333333333,4,6,0,6,10,66.67,25,16.00,2.53,44,32,27,9,0,5,0,0,0,0,0,0,8,3,2,3,1,45,32,58.44
518,Brandon Saad,CBJ,L,82,127.25,1,2,2,0,3,50.00,18,5.56,1.66,31,23,18,5,0,2,4,2,2,0,0,0,4,1,0,3,1,0,1,0.00
519,Brett Ritchie,DAL,R,78,121.81666666667,1,1,1,0,2,40.00,15,6.67,2.35,31,21,27,12,0,2,7,2,1,1,0,0,4,0,3,2,0,1,0,100.00
520,Markus Granlund,VAN,C,69,132.13333333333,3,4,2,2,7,53.85,14,21.43,2.2,24,20,16,10,0,2,4,2,2,0,0,1,5,0,1,5,0,0,1,0.00
521,Joel Edmundson,STL,D,69,2.3833333333333,0,0,0,0,0,-,0,-,0,0,0,0,0,0,0,2,1,1,0,0,0,0,0,1,0,0,0,0,-
522,Matt Nieto,"COL, S.J",L,59,32.75,0,0,0,0,0,0.00,2,0.00,0.1,2,2,0,0,0,0,0,0,0,0,0,0,0,0,1,2,0,0,0,-
523,Xavier Ouellet,DET,D,66,6.1166666666667,0,0,0,0,0,-,1,0.00,0.11,2,2,0,0,0,0,9,3,2,1,0,1,0,0,0,0,0,0,0,-
524,Miikka Salomaki,NSH,R,5,0.18333333333333,0,0,0,0,0,-,0,-,0,0,0,0,0,0,0,0,0,0,0,0,0,0,0,0,0,0,0,0,-
525,William Karlsson,CBJ,C,81,17.083333333333,1,0,0,0,1,50.00,3,33.33,0.37,4,3,3,2,0,0,0,0,0,0,0,1,1,0,0,0,1,6,5,54.55
526,Ryan Sproul,DET,D,27,54.066666666667,1,1,1,0,2,66.67,11,9.09,0.84,22,18,2,0,0,2,2,1,1,0,0,0,1,1,0,1,0,0,0,-
527,Nikita Kucherov,T.B,R,74,228.8,14,15,9,6,29,87.88,78,17.95,7.7,149,112,66,12,0,10,6,3,3,0,0,0,13,4,1,6,0,0,0,-
528,Ryan Nugent-Hopkins,EDM,C,82,149.38333333333,5,5,2,3,10,66.67,26,19.23,2.73,44,29,27,9,1,2,2,1,1,0,0,2,3,2,2,5,0,63,69,47.73
529,Gabriel Landeskog,COL,L,72,156.61666666667,5,1,1,0,6,54.55,21,23.81,3.11,32,28,20,13,0,3,4,2,2,0,0,0,5,4,1,7,0,13,8,61.90
530,Jonathan Huberdeau,FLA,"C, L",31,72.95,2,4,4,0,6,66.67,15,13.33,1.76,31,22,17,5,0,2,2,1,1,0,0,0,5,0,0,7,0,0,0,-
531,Adam Larsson,EDM,D,79,13.333333333333,0,0,0,0,0,-,0,-,0,2,0,1,0,0,0,0,0,0,0,0,0,0,0,0,0,0,0,0,-
532,Ryan Strome,NYI,"C, R",69,165.3,1,5,4,1,6,37.50,22,4.55,2.31,40,29,22,8,0,1,13,5,4,1,0,1,5,4,0,9,1,3,5,37.50
533,Mika Zibanejad,NYR,C,56,127.36666666667,4,7,3,4,11,64.71,28,14.29,3.67,57,46,24,8,0,7,2,1,1,0,0,0,9,1,0,4,1,57,34,62.64
534,Mark Scheifele,WPG,C,79,223.41666666667,4,8,1,7,12,63.16,34,11.76,4.02,59,43,40,10,1,2,8,4,4,0,0,3,7,5,0,10,0,86,110,43.88
535,Sean Couturier,PHI,C,66,117.28333333333,0,2,0,2,2,66.67,6,0.00,0.8,13,12,8,3,0,0,5,1,0,1,0,0,4,0,0,8,1,40,37,51.95
536,Dougie Hamilton,CGY,D,81,176.06666666667,2,12,5,7,14,60.87,37,5.41,2.79,77,55,22,4,0,6,6,3,3,0,0,1,6,2,4,2,2,0,0,-
537,Jonas Brodin,MIN,D,68,102.85,2,5,1,4,7,46.67,17,11.76,1.04,37,22,8,0,0,1,0,0,0,0,0,0,4,1,0,1,1,0,0,-
538,Ryan Murphy,CAR,D,27,10.65,0,0,0,0,0,-,2,0.00,0.04,2,2,0,0,0,0,0,0,0,0,0,0,0,0,0,0,0,0,0,-
539,Sven Baertschi,VAN,L,68,128.95,2,4,3,1,6,60.00,31,6.45,3.12,53,41,28,11,1,5,0,0,0,0,0,0,0,2,1,8,0,0,0,-
540,Jamie Oleksiak,DAL,D,41,4.0166666666667,0,0,0,0,0,-,0,-,0,0,0,0,0,0,0,14,4,2,2,0,0,0,0,0,0,0,0,0,-
541,J.T. Miller,NYR,"C, L",82,114.78333333333,1,5,3,2,6,66.67,10,10.00,1.8,25,19,15,6,0,0,7,2,1,1,0,1,6,2,2,4,0,22,25,46.81
542,Joel Armia,WPG,R,57,50.133333333333,0,2,1,1,2,50.00,5,0.00,0.94,16,8,11,5,0,1,2,1,1,0,0,0,1,1,1,2,0,0,2,0.00
543,Nathan Beaulieu,MTL,D,74,120.06666666667,2,10,6,4,12,70.59,23,8.70,1.63,42,30,10,4,0,2,9,3,2,1,0,0,2,3,0,9,2,0,0,-
544,Oscar Klefbom,EDM,D,82,193.13333333333,3,11,4,7,14,48.28,29,10.34,1.87,78,49,15,0,0,1,0,0,0,0,0,0,4,1,1,4,1,0,0,-
545,Connor Murphy,ARI,D,77,20.216666666667,0,0,0,0,0,-,1,0.00,0,3,1,0,0,0,0,4,2,2,0,0,0,2,0,1,2,0,0,0,-
546,Stefan Noesen,"ANA, N.J",R,44,8.0833333333333,0,0,0,0,0,0.00,2,0.00,0.47,2,2,2,2,0,1,0,0,0,0,0,0,0,0,0,0,0,2,0,100.00
547,Joe Morrow,BOS,D,17,1.5166666666667,0,0,0,0,0,-,0,-,0,0,0,0,0,0,0,0,0,0,0,0,1,0,0,0,0,0,0,0,-
548,Matt Puempel,"NYR, OTT",L,40,26.566666666667,3,0,0,0,3,100.00,4,75.00,0.72,8,7,6,6,0,0,0,0,0,0,0,0,1,0,0,1,0,0,0,-
549,Phillip Danault,MTL,L,82,50.933333333333,0,2,0,2,2,40.00,1,0.00,0.31,4,3,2,1,0,1,7,2,1,1,0,0,0,1,2,3,0,21,20,51.22
550,Vladislav Namestnikov,T.B,C,74,151.48333333333,3,3,1,2,6,40.00,20,15.00,3.9,32,28,28,21,0,2,11,4,3,1,0,1,5,0,3,9,0,34,29,53.97
551,Nicklas Jensen,NYR,R,7,7.0833333333333,0,0,0,0,0,0.00,0,-,0,1,0,1,0,0,0,0,0,0,0,0,0,1,0,0,0,0,0,0,-
552,Rickard Rakell,ANA,"C, R",71,155.93333333333,4,7,5,2,11,68.75,33,12.12,4.95,55,46,36,18,0,6,0,0,0,0,0,1,4,0,5,9,1,5,5,50.00
553,Seth Griffith,"FLA, TOR",C,24,32.116666666667,0,1,1,0,1,25.00,2,0.00,0.96,10,9,9,5,0,0,0,0,0,0,0,0,0,0,1,1,0,1,1,50.00
554,Colin Miller,BOS,D,61,98.516666666667,1,1,0,1,2,40.00,10,10.00,0.78,30,16,9,0,1,1,5,1,0,1,0,1,2,3,1,3,0,0,0,-
555,Ben Thomson,N.J,L,3,0.033333333333333,0,0,0,0,0,-,0,-,0,0,0,0,0,0,0,0,0,0,0,0,0,0,0,0,0,0,0,0,-
556,Jonathan Marchessault,FLA,C,75,193.21666666667,7,10,4,6,17,85.00,49,14.29,5.25,76,66,38,8,0,9,8,4,4,0,0,2,6,1,4,9,0,31,45,40.79
557,Zack Mitchell,MIN,R,11,0.61666666666667,0,0,0,0,0,-,0,-,0,0,0,0,0,0,0,0,0,0,0,0,0,0,0,0,0,0,0,0,-
558,Barclay Goodrow,S.J,R,3,0.083333333333333,0,0,0,0,0,-,0,-,0,0,0,0,0,0,0,0,0,0,0,0,0,0,0,0,0,0,0,0,-
559,Brad Hunt,"NSH, STL",D,12,7.3666666666667,1,1,0,1,2,66.67,3,33.33,0.24,4,4,1,0,0,0,0,0,0,0,0,0,0,1,0,0,1,0,0,-
560,Torey Krug,BOS,D,81,255.33333333333,5,17,9,8,22,61.11,51,9.80,3.74,101,70,26,4,1,9,16,5,3,2,0,1,10,1,2,10,7,0,0,-
561,Karl Stollery,N.J,D,11,28.016666666667,0,3,0,3,3,100.00,3,0.00,0.19,5,4,1,0,0,0,0,0,0,0,0,1,1,0,0,2,0,0,0,-
562,J.T. Brown,T.B,R,64,3.9333333333333,0,0,0,0,0,-,0,-,0,0,0,0,0,0,0,7,2,1,1,0,2,0,0,0,1,0,1,0,100.00
563,Matt Tennyson,CAR,D,45,2.0333333333333,0,0,0,0,0,-,1,0.00,0.04,1,1,0,0,0,0,0,0,0,0,0,0,0,0,0,0,0,0,0,-
564,Brian Flynn,MTL,C,51,2.65,0,0,0,0,0,-,0,-,0,0,0,0,0,0,0,0,0,0,0,0,0,0,0,0,0,0,1,1,50.00
565,Luke Glendening,DET,C,74,5.7666666666667,0,0,0,0,0,-,0,-,0,0,0,0,0,0,0,2,1,1,0,0,0,0,0,2,0,0,5,2,71.43
566,Yanni Gourde,T.B,C,20,16.116666666667,0,0,0,0,0,-,2,0.00,0.39,5,5,3,2,0,0,0,0,0,0,0,0,0,0,0,0,0,3,8,27.27
567,Ryan Murray,CBJ,D,60,27.666666666667,0,1,1,0,1,100.00,1,0.00,0.06,4,1,1,0,0,0,2,1,1,0,0,0,2,0,0,0,0,0,0,-
568,Alex Galchenyuk,MTL,C,61,130.58333333333,4,6,4,2,10,76.92,18,22.22,2.87,36,30,18,9,1,2,6,3,3,0,0,1,4,1,0,7,0,35,46,43.21
569,Morgan Rielly,TOR,D,76,66.366666666667,0,3,2,1,3,60.00,12,0.00,1.11,29,22,6,1,0,0,0,0,0,0,0,0,4,0,0,1,0,0,0,-
570,Hampus Lindholm,ANA,D,66,120.38333333333,1,4,1,3,5,50.00,23,4.35,1.65,49,32,10,1,0,2,0,0,0,0,0,1,4,0,1,5,1,1,0,100.00
571,Nail Yakupov,STL,R,40,10.7,0,0,0,0,0,0.00,1,0.00,0.04,1,1,0,0,0,0,0,0,0,0,0,0,0,0,0,0,0,0,0,-
572,Matt Dumba,MIN,D,76,168.3,5,6,3,3,11,55.00,42,11.90,3.56,77,56,20,4,0,2,8,4,4,0,0,0,2,2,3,6,3,0,0,-
573,Pontus Aberg,NSH,L,15,4.7833333333333,0,0,0,0,0,-,0,-,0,2,0,1,0,0,0,0,0,0,0,0,0,0,0,0,1,0,0,0,-
574,Phillip Di Giuseppe,CAR,L,36,17,0,1,0,1,1,33.33,3,0.00,0.48,5,3,2,1,0,0,7,2,1,1,0,0,0,1,1,0,0,0,0,-
575,Brendan Gaunce,VAN,C,57,3.9333333333333,0,0,0,0,0,-,0,-,0,0,0,0,0,0,0,17,3,1,1,1,0,0,0,0,0,0,2,0,100.00
576,Brady Skjei,NYR,D,80,110.23333333333,0,6,0,6,6,46.15,13,0.00,0.96,28,18,8,1,0,3,4,2,2,0,0,0,5,1,2,1,3,0,0,-
577,Tanner Pearson,L.A,L,80,186.26666666667,3,4,3,1,7,29.17,28,10.71,6.29,53,43,41,31,0,5,5,1,0,1,0,1,1,1,5,9,0,1,0,100.00
578,Olli Maatta,PIT,D,55,8.5333333333333,0,0,0,0,0,0.00,1,0.00,0.07,2,1,0,0,0,0,0,0,0,0,0,0,0,0,0,2,0,0,0,-
579,Michael Matheson,FLA,D,81,41.466666666667,0,1,1,0,1,25.00,5,0.00,0.46,11,8,4,1,0,1,0,0,0,0,0,1,3,0,0,1,1,0,0,-
580,Jordan Schmaltz,STL,D,9,10.8,0,1,1,0,1,50.00,1,0.00,0.05,2,1,1,0,0,0,0,0,0,0,0,0,1,0,0,0,0,0,0,-
581,Zemgus Girgensons,BUF,C,75,4.95,0,0,0,0,0,-,1,0.00,0.18,2,2,1,1,0,0,0,0,0,0,0,0,0,0,0,0,0,2,4,33.33
582,Cody Ceci,OTT,D,79,71.733333333333,0,1,0,1,1,25.00,12,0.00,1.13,26,17,10,1,1,1,2,1,1,0,0,0,4,1,1,2,0,0,0,-
583,Tom Wilson,WSH,R,82,3.8333333333333,0,0,0,0,0,-,0,-,0,0,0,0,0,0,0,29,10,7,3,0,0,0,0,0,0,0,1,0,100.00
584,Tomas Hertl,S.J,C,49,90.983333333333,1,1,1,0,2,50.00,15,6.67,3.15,20,19,19,17,0,2,2,1,1,0,0,1,3,0,0,1,0,29,15,65.91
585,Teuvo Teravainen,CAR,L,81,177.76666666667,5,9,3,6,14,73.68,41,12.20,5.13,79,57,28,14,1,3,2,1,1,0,0,2,8,6,0,8,1,7,12,36.84
586,Derrick Pouliot,PIT,D,11,10.416666666667,0,0,0,0,0,0.00,1,0.00,0.12,3,3,0,0,0,0,0,0,0,0,0,0,0,0,0,0,1,0,0,-
587,Jacob Trouba,WPG,D,60,98.05,2,2,0,2,4,36.36,19,10.53,1.22,39,26,6,0,0,6,11,4,3,1,0,1,2,2,0,2,3,0,0,-
588,Slater Koekkoek,T.B,D,29,2.0166666666667,0,0,0,0,0,-,0,-,0,0,0,0,0,0,0,0,0,0,0,0,0,0,0,0,1,0,0,0,-
589,Filip Forsberg,NSH,L,82,200.98333333333,3,4,3,1,7,36.84,50,6.00,4.41,97,73,42,9,2,5,2,1,1,0,0,1,16,7,3,10,0,0,0,-
590,Mikhail Grigorenko,COL,C,75,132,0,4,3,1,4,66.67,14,0.00,1.48,27,18,10,2,0,3,0,0,0,0,0,0,3,1,1,6,0,2,3,40.00
591,Radek Faksa,DAL,C,80,40.75,0,2,2,0,2,100.00,1,0.00,0.33,4,3,2,2,1,0,10,2,0,2,0,2,3,1,0,4,0,15,9,62.50
592,Matt Grzelcyk,BOS,D,2,3.1666666666667,0,0,0,0,0,-,1,0.00,0.06,2,1,1,0,0,0,0,0,0,0,0,0,0,0,0,0,0,0,0,-
593,Colton Parayko,STL,D,81,138.61666666667,4,5,3,2,9,64.29,33,12.12,2.23,69,44,17,0,0,5,0,0,0,0,0,0,2,0,2,8,2,0,0,-
594,Oskar Sundqvist,PIT,C,10,0.083333333333333,0,0,0,0,0,-,0,-,0,0,0,0,0,0,0,0,0,0,0,0,0,0,0,0,0,0,0,0,-
595,Esa Lindell,DAL,D,73,72.616666666667,0,1,0,1,1,25.00,12,0.00,1.14,25,19,10,2,0,1,2,1,1,0,0,0,1,2,0,0,0,0,0,-
596,Chandler Stephenson,WSH,C,4,0.1,0,0,0,0,0,-,0,-,0,0,0,0,0,0,0,0,0,0,0,0,0,0,0,0,0,0,0,0,-
597,Shayne Gostisbehere,PHI,D,76,272.01666666667,2,21,13,8,23,57.50,56,3.57,4.19,143,90,29,1,0,17,6,3,3,0,0,1,16,2,6,2,5,0,0,-
598,Tanner Richard,T.B,C,3,5.05,0,0,0,0,0,-,0,-,0,0,0,0,0,0,0,0,0,0,0,0,0,0,1,0,0,0,0,0,-
599,Devin Shore,DAL,C,82,145,1,5,3,2,6,75.00,22,4.55,3.5,42,34,31,20,0,2,2,1,1,0,0,0,3,1,2,3,1,32,43,42.67
600,Jujhar Khaira,EDM,L,10,0.98333333333333,0,0,0,0,0,-,0,-,0,0,0,0,0,0,0,0,0,0,0,0,0,0,0,0,0,0,0,1,0.00
601,Adam Pelech,NYI,D,44,1.4833333333333,0,0,0,0,0,-,0,-,0,0,0,0,0,0,0,0,0,0,0,0,0,0,0,0,0,0,0,0,-
602,Jimmy Vesey,NYR,L,80,122.7,5,3,2,1,8,61.54,15,33.33,3.61,29,24,23,17,0,2,8,4,4,0,0,1,5,1,2,5,0,0,0,-
603,Chris Tierney,S.J,C,80,21.766666666667,1,0,0,0,1,100.00,3,33.33,0.27,3,3,3,2,0,0,2,1,1,0,0,0,2,1,0,0,0,10,9,52.63
604,Jordan Martinook,ARI,L,77,27.816666666667,1,1,0,1,2,50.00,1,100.00,0.19,3,2,2,1,0,0,0,0,0,0,0,0,1,0,0,0,0,14,14,50.00
605,Cristoval Nieves,NYR,C,1,0.083333333333333,0,0,0,0,0,0.00,0,-,0,0,0,0,0,0,0,0,0,0,0,0,0,0,0,0,0,0,0,0,-
606,Damon Severson,N.J,D,80,180.05,0,13,4,9,13,56.52,25,0.00,1.47,59,33,9,0,0,1,10,5,5,0,0,0,3,1,5,5,2,0,0,-
607,Colton Sissons,NSH,C,58,4.15,0,0,0,0,0,-,1,0.00,0.08,1,1,1,0,0,0,0,0,0,0,0,0,0,0,0,0,0,2,3,40.00
608,Jake McCabe,BUF,D,76,76.983333333333,1,3,1,2,4,50.00,15,6.67,0.79,25,18,7,0,0,0,6,3,3,0,0,1,2,1,1,3,3,0,0,-
609,Brock McGinn,CAR,L,57,2.9,0,0,0,0,0,-,0,-,0,0,0,0,0,0,0,2,1,1,0,0,0,0,1,0,0,0,0,0,-
610,Connor Carrick,TOR,D,67,35.883333333333,1,0,0,0,1,25.00,6,16.67,0.82,9,7,6,3,0,0,6,3,3,0,0,0,2,0,1,0,1,0,0,-
611,Charles Hudon,MTL,L,3,1.2166666666667,0,0,0,0,0,-,0,-,0,0,0,0,0,0,0,0,0,0,0,0,0,0,0,0,0,0,0,0,-
612,Taylor Leier,PHI,L,10,0.16666666666667,0,0,0,0,0,-,0,-,0,0,0,0,0,0,0,0,0,0,0,0,0,0,0,0,0,0,0,0,-
613,Jaccob Slavin,CAR,D,82,75.016666666667,0,4,2,2,4,44.44,7,0.00,0.6,24,14,3,0,0,1,0,0,0,0,0,0,5,0,0,5,0,0,0,-
614,Andreas Athanasiou,DET,C,64,75.566666666667,1,3,0,3,4,40.00,6,16.67,1.13,19,13,10,5,0,2,7,2,1,1,0,2,3,1,1,4,0,0,1,0.00
615,Gemel Smith,DAL,C,17,1.7333333333333,0,0,0,0,0,-,0,-,0,0,0,0,0,0,0,2,1,1,0,0,0,0,0,0,0,0,0,0,-
616,Brett Kulak,CGY,D,21,6.0333333333333,0,0,0,0,0,-,1,0.00,0.02,2,1,0,0,0,0,0,0,0,0,0,0,1,0,0,0,0,0,0,-
617,Cedric Paquette,T.B,C,58,4.3833333333333,0,0,0,0,0,-,0,-,0,0,0,0,0,0,0,5,1,0,1,0,1,0,0,0,0,0,2,3,40.00
618,Josh Anderson,CBJ,R,78,6.5,0,0,0,0,0,-,1,0.00,0.11,1,1,1,1,0,0,13,5,4,1,0,0,0,0,0,0,0,0,2,0.00
619,Daniel O'Regan,S.J,C,3,1.15,1,0,0,0,1,100.00,1,100.00,0.11,1,1,1,1,0,0,0,0,0,0,0,0,0,0,0,0,0,0,2,0.00
620,Paul LaDue,L.A,D,22,31.916666666667,0,4,1,3,4,66.67,5,0.00,0.33,10,7,4,0,0,0,0,0,0,0,0,0,1,0,0,1,0,0,0,-
621,Matthew Benning,EDM,D,62,25.133333333333,1,2,0,2,3,100.00,2,50.00,0.3,5,3,1,1,0,1,0,0,0,0,0,1,0,0,3,0,0,0,0,-
622,Petteri Lindbohm,STL,D,7,0.033333333333333,0,0,0,0,0,-,0,-,0,0,0,0,0,0,0,0,0,0,0,0,0,0,0,0,0,0,0,0,-
623,Vinnie Hinostroza,CHI,"C, L",49,15.65,0,0,0,0,0,-,1,0.00,0.11,2,1,1,0,0,0,2,1,1,0,0,0,0,0,0,1,0,7,7,50.00
624,Jake Dotchin,T.B,D,35,29.733333333333,0,0,0,0,0,-,3,0.00,0.24,11,6,1,0,0,1,9,3,2,1,0,0,1,1,1,1,0,0,0,-
625,Joseph Blandisi,N.J,L,27,44.633333333333,1,4,3,1,5,62.50,4,25.00,0.77,7,7,5,4,0,0,4,2,2,0,0,0,2,1,1,5,0,4,3,57.14
626,Connor Brown,TOR,R,82,98.45,2,4,2,2,6,46.15,13,15.38,1.41,17,14,12,7,0,0,0,0,0,0,0,0,1,2,3,3,0,0,0,-
627,Ben Hutton,VAN,D,71,146.25,2,9,3,6,11,73.33,23,8.70,1.85,46,31,13,3,1,2,5,1,0,1,0,0,2,1,1,5,3,0,0,-
628,Jayson Megna,VAN,C,58,53.116666666667,0,1,0,1,1,33.33,5,0.00,0.81,10,9,8,4,0,2,0,0,0,0,0,0,2,0,3,1,0,0,0,-
629,Andrej Sustr,T.B,D,80,4.9,0,0,0,0,0,-,0,-,0,0,0,0,0,0,0,0,0,0,0,0,0,0,0,0,0,0,0,0,-
630,Tim Schaller,BOS,C,59,26.883333333333,0,0,0,0,0,0.00,5,0.00,0.76,7,7,6,6,0,0,0,0,0,0,0,0,0,0,0,0,0,5,3,62.50
631,Danny DeKeyser,DET,D,82,45.216666666667,0,0,0,0,0,0.00,3,0.00,0.28,10,6,1,0,0,0,4,2,2,0,0,0,1,1,0,0,1,0,0,-
632,Nate Schmidt,WSH,D,60,10.016666666667,0,0,0,0,0,0.00,2,0.00,0.39,3,3,3,1,0,1,0,0,0,0,0,0,0,0,0,0,0,0,0,-
633,Carter Rowney,PIT,R,27,0.066666666666667,0,0,0,0,0,-,0,-,0,0,0,0,0,0,0,0,0,0,0,0,0,0,0,0,0,0,0,0,-
634,Chad Ruhwedel,PIT,D,34,32.116666666667,0,3,2,1,3,50.00,7,0.00,0.37,13,8,2,1,0,2,0,0,0,0,0,0,0,0,0,1,0,0,0,-
635,Michael Raffl,PHI,L,52,4.6166666666667,0,0,0,0,0,-,0,-,0,0,0,0,0,0,0,5,1,0,1,0,2,0,0,0,0,0,0,0,-
636,Anton Blidh,BOS,L,19,0.5,0,0,0,0,0,-,0,-,0,0,0,0,0,0,0,0,0,0,0,0,0,0,0,0,0,0,0,0,-
637,Joel Vermin,T.B,R,18,2.0333333333333,0,0,0,0,0,-,0,-,0.09,1,1,1,0,0,0,0,0,0,0,0,0,0,0,0,1,0,1,0,100.00
638,MacKenzie Weegar,FLA,D,3,5.75,0,0,0,0,0,0.00,1,0.00,0.08,1,1,1,0,0,0,0,0,0,0,0,0,0,0,0,0,0,0,0,-
639,Tyler Motte,CHI,"C, L",33,3.3666666666667,0,0,0,0,0,-,0,-,0,0,0,0,0,0,0,2,1,1,0,0,0,0,0,0,0,0,0,1,0.00
640,Jonny Brodzinski,L.A,C,6,1.8666666666667,0,0,0,0,0,-,1,0.00,0.17,2,2,1,1,0,1,0,0,0,0,0,0,0,0,0,0,0,0,0,-
641,Sean Malone,BUF,C,1,0.83333333333333,0,0,0,0,0,-,0,-,0,0,0,0,0,0,0,0,0,0,0,0,0,0,0,0,0,0,0,0,-
642,Hudson Fasching,BUF,R,10,1.7,0,0,0,0,0,-,0,-,0,0,0,0,0,0,0,0,0,0,0,0,0,0,0,0,0,0,0,0,-
643,John Hayden,CHI,L,12,3.1333333333333,0,0,0,0,0,-,0,-,0,0,0,0,0,0,0,0,0,0,0,0,0,0,0,2,0,0,0,0,-
644,Pavel Buchnevich,NYR,"L, R",41,76,1,2,1,1,3,37.50,15,6.67,1.81,25,20,11,4,1,1,0,0,0,0,0,0,4,0,0,1,0,1,0,100.00
645,Jake Guentzel,PIT,C,40,53.783333333333,1,2,2,0,3,50.00,6,16.67,0.75,12,9,10,2,0,1,2,1,1,0,0,0,0,0,0,4,0,2,3,40.00
646,Anthony Duclair,ARI,L,58,72.583333333333,0,2,0,2,2,50.00,12,0.00,1.74,22,16,16,8,0,1,0,0,0,0,0,0,5,1,0,3,0,0,0,-
647,Sven Andrighetto,"COL, MTL",R,46,48.566666666667,2,2,0,2,4,80.00,5,40.00,0.66,11,7,7,2,0,0,0,0,0,0,0,0,4,0,1,1,0,0,0,-
648,Anton Slepyshev,EDM,L,41,3.7333333333333,0,0,0,0,0,-,0,-,0,0,0,0,0,0,0,0,0,0,0,0,1,0,0,0,0,0,0,0,-
649,Oliver Bjorkstrand,CBJ,R,26,44.45,0,0,0,0,0,0.00,6,0.00,0.92,14,9,11,6,0,0,0,0,0,0,0,1,0,0,0,2,1,0,0,-
650,Peter Cehlarik,BOS,L,11,15.266666666667,0,1,0,1,1,50.00,0,-,0,0,0,0,0,0,0,0,0,0,0,0,0,1,0,1,1,0,0,0,-
651,Miles Wood,N.J,L,60,84.683333333333,2,2,2,0,4,40.00,14,14.29,2.5,18,18,17,14,0,1,9,3,2,1,0,1,0,1,5,8,0,0,0,-
652,Nick Paul,OTT,L,1,0.76666666666667,0,0,0,0,0,-,0,-,0,0,0,0,0,0,0,0,0,0,0,0,0,0,0,1,0,0,1,0,100.00
653,Andrew Copp,WPG,C,64,9.1166666666667,0,0,0,0,0,-,0,-,0.2,2,2,2,1,0,0,2,1,1,0,0,0,1,0,0,0,0,4,3,57.14
654,Ben Harpur,OTT,D,6,2.5833333333333,0,0,0,0,0,-,0,-,0,1,0,0,0,0,0,0,0,0,0,0,0,0,0,0,0,0,0,0,-
655,Andre Burakovsky,WSH,L,64,93.366666666667,2,3,0,3,5,62.50,12,16.67,1.62,22,16,16,7,0,0,0,0,0,0,0,2,5,1,0,5,1,0,0,-
656,Hunter Shinkaruk,CGY,C,7,0.38333333333333,0,0,0,0,0,-,0,-,0,0,0,0,0,0,0,2,1,1,0,0,0,0,0,0,0,0,0,0,-
657,Michael McCarron,MTL,R,31,13.483333333333,0,0,0,0,0,0.00,2,0.00,0.21,3,3,2,1,0,0,10,2,0,2,0,1,0,0,1,0,0,5,6,45.45
658,Shea Theodore,ANA,D,34,72.516666666667,1,1,1,0,2,28.57,10,10.00,1.11,32,23,12,1,0,3,2,1,1,0,0,0,2,0,1,2,1,0,0,-
659,Marko Dano,WPG,C,38,51.15,2,0,0,0,2,33.33,7,28.57,1.4,13,10,9,8,1,0,2,1,1,0,0,2,1,1,4,1,0,0,0,-
660,Jason Dickinson,DAL,C,10,0.05,0,0,0,0,0,-,0,-,0,0,0,0,0,0,0,0,0,0,0,0,0,0,0,0,0,0,0,0,-
661,Ryan Hartman,CHI,"L, R",76,39.583333333333,1,0,0,0,1,50.00,4,25.00,0.97,6,6,6,6,0,0,8,4,4,0,0,0,2,0,0,4,0,4,3,57.14
662,Adam Erne,T.B,L,26,25.45,0,0,0,0,0,0.00,4,0.00,0.43,5,5,4,2,0,0,0,0,0,0,0,0,0,0,1,1,0,0,1,0.00
663,Jacob De La Rose,MTL,L,9,0.11666666666667,0,0,0,0,0,-,0,-,0,0,0,0,0,0,0,0,0,0,0,0,0,0,0,0,0,0,0,1,0.00
664,J.T. Compher,COL,L,21,37.85,1,0,0,0,1,25.00,2,50.00,0.59,6,4,6,3,0,1,0,0,0,0,0,0,1,0,0,2,1,2,1,66.67
665,Valentin Zykov,CAR,L,2,2.2,0,0,0,0,0,-,0,-,0,0,0,0,0,0,0,0,0,0,0,0,0,0,0,0,0,0,0,0,-
666,Laurent Dauphin,ARI,C,24,0.66666666666667,0,0,0,0,0,-,0,-,0,0,0,0,0,0,0,0,0,0,0,0,0,0,0,0,0,0,0,0,-
667,Remi Elie,DAL,L,18,0.9,0,0,0,0,0,-,0,-,0,0,0,0,0,0,0,0,0,0,0,0,0,0,0,0,0,0,0,0,-
668,Steven Santini,N.J,D,38,1.5666666666667,0,0,0,0,0,-,0,-,0,1,0,0,0,0,0,2,1,1,0,0,0,0,0,1,0,0,0,0,-
669,Nic Petan,WPG,"C, L",54,114.21666666667,0,8,5,3,8,57.14,24,0.00,3.35,36,34,24,13,0,3,0,0,0,0,0,1,5,0,0,5,0,6,9,40.00
670,Nick Sorensen,ANA,R,5,4.85,0,0,0,0,0,-,0,-,0,0,0,0,0,0,0,0,0,0,0,0,0,0,0,0,0,0,0,0,-
671,Gustav Olofsson,MIN,D,13,8.4,0,1,0,1,1,33.33,1,0.00,0.04,1,1,0,0,0,0,0,0,0,0,0,0,0,0,0,0,0,0,0,-
672,Justin Bailey,BUF,R,32,0.13333333333333,0,0,0,0,0,-,0,-,0,0,0,0,0,0,0,0,0,0,0,0,0,0,0,0,0,0,0,0,-
673,Artturi Lehkonen,MTL,L,73,64.85,1,2,0,2,3,33.33,8,12.50,1.47,12,11,7,7,0,0,0,0,0,0,0,0,1,0,5,1,2,0,0,-
674,William Carrier,BUF,L,41,0.18333333333333,0,0,0,0,0,-,0,-,0,0,0,0,0,0,0,0,0,0,0,0,0,0,0,0,0,0,0,0,-
675,Tyler Bertuzzi,DET,L,7,0.36666666666667,0,0,0,0,0,-,0,-,0,0,0,0,0,0,0,0,0,0,0,0,0,0,0,0,0,0,0,0,-
676,Zach Sanford,"STL, WSH",L,39,20.366666666667,0,0,0,0,0,-,3,0.00,0.35,4,4,4,2,0,1,0,0,0,0,0,0,0,0,0,1,0,0,0,-
677,Brett Pesce,CAR,D,82,48.3,0,2,0,2,2,28.57,9,0.00,0.91,21,15,6,1,0,2,0,0,0,0,0,0,0,2,0,2,1,0,0,-
678,Nicholas Baptiste,BUF,R,14,8.0333333333333,0,0,0,0,0,0.00,1,0.00,0.09,1,1,1,0,0,0,0,0,0,0,0,0,0,1,0,0,0,0,0,-
679,Nathan MacKinnon,COL,C,82,207.66666666667,1,10,5,5,11,57.89,27,3.70,3.35,62,37,35,7,0,8,0,0,0,0,0,2,10,1,0,8,0,94,60,61.04
680,Aleksander Barkov,FLA,C,61,166.35,3,9,3,6,12,66.67,32,9.38,3.95,50,43,31,10,0,4,2,1,1,0,0,0,2,1,3,7,0,63,68,48.09
681,Jonathan Drouin,T.B,L,73,213.08333333333,8,15,8,7,23,69.70,38,21.05,2.97,64,49,27,3,0,2,2,1,1,0,0,2,18,4,3,6,1,31,39,44.29
682,Seth Jones,CBJ,D,75,120.81666666667,1,5,2,3,6,66.67,19,5.26,1.46,41,33,4,0,0,2,2,1,1,0,0,0,2,0,2,2,0,0,0,-
683,Elias Lindholm,CAR,C,72,153.31666666667,2,8,6,2,10,58.82,21,9.52,4.54,32,30,30,23,0,5,2,1,1,0,0,0,6,0,1,9,0,47,24,66.20
684,Sean Monahan,CGY,C,82,235.4,7,8,5,3,15,60.00,51,13.73,8.95,86,68,69,36,1,11,0,0,0,0,0,1,8,2,0,5,0,140,116,54.69
685,Darnell Nurse,EDM,D,44,4.2666666666667,0,0,0,0,0,-,0,-,0,0,0,0,0,0,0,0,0,0,0,0,0,0,0,0,0,0,0,0,-
686,Rasmus Ristolainen,BUF,D,79,234.01666666667,0,22,9,13,22,56.41,43,0.00,2.75,102,63,17,1,0,9,6,3,3,0,0,1,6,2,8,2,3,0,0,-
687,Bo Horvat,VAN,C,81,155.01666666667,3,7,5,2,10,71.43,17,17.65,2.76,33,23,30,15,1,3,7,2,1,1,0,1,5,0,3,4,0,86,53,61.87
688,Max Domi,ARI,"C, L",59,141.83333333333,1,7,4,3,8,53.33,16,6.25,1.77,35,24,17,5,0,2,11,4,3,1,0,1,7,2,2,4,0,1,0,100.00
689,Josh Morrissey,WPG,D,82,48.816666666667,1,0,0,0,1,25.00,6,16.67,0.55,11,10,3,1,0,1,2,1,1,0,0,1,0,0,1,1,0,0,0,-
690,Alexander Wennberg,CBJ,C,80,201.6,1,21,9,12,22,68.75,17,5.88,1.68,37,23,15,5,1,6,7,2,1,1,0,0,6,0,2,4,2,56,68,45.16
691,Ryan Pulock,NYI,D,1,1.0333333333333,0,0,0,0,0,-,0,-,0,1,0,0,0,0,0,0,0,0,0,0,0,0,0,0,0,0,0,0,-
692,Nikita Zadorov,COL,D,56,36.65,0,2,1,1,2,66.67,1,0.00,0.32,7,5,3,0,0,0,11,4,3,1,0,0,1,0,0,0,0,0,0,-
693,Curtis Lazar,"CGY, OTT",C,37,3.2,0,0,0,0,0,-,0,-,0,0,0,0,0,0,0,2,1,1,0,0,0,0,0,0,0,0,0,0,-
694,Anthony Mantha,DET,R,60,105.18333333333,1,1,1,0,2,50.00,10,10.00,1.43,23,18,12,4,0,1,19,5,2,3,0,0,4,1,4,4,1,0,1,0.00
695,Frederik Gauthier,TOR,C,21,1.95,0,0,0,0,0,-,0,-,0,0,0,0,0,0,0,0,0,0,0,0,0,0,0,0,0,0,3,3,50.00
696,Sergey Tolchinsky,CAR,L,2,0.11666666666667,0,0,0,0,0,-,0,-,0,0,0,0,0,0,0,0,0,0,0,0,0,0,0,0,0,0,0,0,-
697,Josh Jooris,"ARI, NYR",R,54,1.4833333333333,0,0,0,0,0,-,0,-,0,0,0,0,0,0,0,4,2,2,0,0,0,0,0,0,0,0,3,1,75.00
698,Conor Sheary,PIT,L,61,109.08333333333,2,3,1,2,5,45.45,21,9.52,3.39,29,24,26,14,0,1,0,0,0,0,0,0,6,0,0,6,0,0,0,-
699,Trevor van Riemsdyk,CHI,D,58,31.816666666667,0,0,0,0,0,0.00,5,0.00,0.25,7,5,1,0,0,0,0,0,0,0,0,1,0,0,0,0,2,0,0,-
700,Christian Folin,MIN,D,51,1.9333333333333,0,0,0,0,0,-,0,-,0,0,0,0,0,0,0,2,1,1,0,0,0,0,0,0,0,0,0,0,-
701,Jordan Oesterle,EDM,D,2,0.6,0,0,0,0,0,-,0,-,0,0,0,0,0,0,0,0,0,0,0,0,0,0,0,0,0,0,0,0,-
702,Patrick Brown,CAR,C,14,0.31666666666667,0,0,0,0,0,-,0,-,0,0,0,0,0,0,0,0,0,0,0,0,0,0,0,0,0,0,0,0,-
703,Daniel Carr,MTL,L,33,6.95,0,0,0,0,0,-,0,-,0,0,0,0,0,0,0,0,0,0,0,0,0,0,0,1,1,0,0,0,-
704,Garnet Hathaway,CGY,R,26,1.2666666666667,0,0,0,0,0,-,0,-,0,0,0,0,0,0,0,17,4,1,3,0,2,0,0,0,0,0,1,0,100.00
705,Frederick Gaudreau,NSH,C,9,0.41666666666667,0,0,0,0,0,-,0,-,0,0,0,0,0,0,0,0,0,0,0,0,0,0,0,0,0,0,0,0,-
706,Melker Karlsson,S.J,C,67,6.8666666666667,0,0,0,0,0,-,0,-,0,0,0,0,0,0,0,2,1,1,0,0,0,0,0,0,1,0,0,0,-
707,Dennis Rasmussen,CHI,C,68,2.9833333333333,0,0,0,0,0,-,0,-,0,0,0,0,0,0,0,0,0,0,0,0,0,0,0,1,0,0,1,2,33.33
708,Pierre-Edouard Bellemare,PHI,L,82,4.9166666666667,0,0,0,0,0,-,0,-,0,0,0,0,0,0,0,5,1,0,1,0,0,0,0,0,0,0,5,5,50.00
709,Tomas Nosek,DET,L,11,0.48333333333333,0,0,0,0,0,-,0,-,0,0,0,0,0,0,0,0,0,0,0,0,0,0,0,0,0,0,0,0,-
710,Aaron Ekblad,FLA,D,68,179.36666666667,4,4,1,3,8,42.11,61,6.56,4.33,108,72,28,4,0,6,4,2,2,0,0,0,4,1,2,5,0,0,0,-
711,Sam Reinhart,BUF,C,79,220.18333333333,9,7,6,1,16,41.03,48,18.75,9.56,65,61,55,42,0,11,0,0,0,0,0,1,6,0,1,7,0,10,8,55.56
712,Leon Draisaitl,EDM,C,82,224.25,10,15,11,4,25,71.43,47,21.28,8.47,80,70,62,38,1,12,2,1,1,0,0,0,13,6,2,3,0,66,66,50.00
713,Sam Bennett,CGY,C,81,94.866666666667,4,0,0,0,4,44.44,8,50.00,1.32,18,13,10,4,0,0,4,2,2,0,0,0,3,1,3,4,0,7,11,38.89
714,Jake Virtanen,VAN,R,10,1.55,0,0,0,0,0,-,0,-,0,0,0,0,0,0,0,0,0,0,0,0,0,0,0,0,0,0,0,0,-
715,William Nylander,TOR,C,81,181.61666666667,7,15,10,5,22,84.62,53,13.21,5.79,97,77,51,9,1,5,2,1,1,0,0,0,5,2,1,10,0,11,15,42.31
716,Nikolaj Ehlers,WPG,L,82,201.16666666667,5,5,1,4,10,83.33,35,14.29,3.62,59,49,26,9,0,1,10,5,5,0,0,1,10,0,1,10,2,0,0,-
717,Nick Ritchie,ANA,L,77,42.466666666667,1,1,1,0,2,50.00,6,16.67,1.13,10,9,10,6,1,0,17,3,1,1,1,1,0,1,0,2,0,1,0,100.00
718,Kevin Fiala,NSH,L,54,44.166666666667,0,0,0,0,0,0.00,5,0.00,0.38,9,8,7,1,0,2,2,1,1,0,0,0,2,0,2,4,0,0,0,-
719,Brendan Perlini,ARI,L,57,95.933333333333,3,2,1,1,5,55.56,17,17.65,2.11,26,24,20,8,0,1,2,1,1,0,0,0,5,0,3,0,0,0,0,-
720,Jakub Vrana,WSH,L,21,37.933333333333,3,1,1,0,4,100.00,12,25.00,2.75,18,17,18,12,0,4,0,0,0,0,0,0,0,0,0,1,0,0,1,0.00
721,Julius Honka,DAL,D,16,21.45,0,1,1,0,1,100.00,3,0.00,0.22,6,4,2,0,0,1,0,0,0,0,0,1,1,0,0,0,1,0,0,-
722,Dylan Larkin,DET,C,80,146.68333333333,5,2,0,2,7,63.64,32,15.63,2.95,59,38,26,4,0,3,0,0,0,0,0,1,8,0,1,6,0,10,17,37.04
723,Sonny Milano,CBJ,L,4,6.4333333333333,0,0,0,0,0,-,0,-,0,0,0,0,0,0,0,0,0,0,0,0,0,0,0,0,0,0,0,0,-
724,Anthony DeAngelo,ARI,D,39,93.233333333333,2,5,2,3,7,53.85,15,13.33,1.07,26,19,9,1,0,3,0,0,0,0,0,1,6,0,0,1,1,0,0,-
725,Nick Schmaltz,CHI,C,61,62.833333333333,0,2,0,2,2,40.00,5,0.00,0.51,11,8,7,2,0,1,0,0,0,0,0,0,2,0,2,2,0,9,9,50.00
726,Robby Fabbri,STL,C,51,115.38333333333,4,5,2,3,9,50.00,14,28.57,2.64,26,21,22,9,0,1,7,2,1,1,0,1,1,1,5,6,0,6,6,50.00
727,Kasperi Kapanen,TOR,R,8,0.45,0,0,0,0,0,-,0,-,0,0,0,0,0,0,0,0,0,0,0,0,0,0,0,0,0,0,0,0,-
728,Jared McCann,FLA,C,29,28.35,0,1,1,0,1,50.00,7,0.00,0.85,11,9,8,2,0,1,2,1,1,0,0,0,1,0,0,1,0,2,1,66.67
729,David Pastrnak,BOS,R,75,191.6,10,14,7,7,24,70.59,61,16.39,6.76,107,83,52,9,0,5,6,3,3,0,0,3,14,1,3,8,0,0,0,-
730,Nikita Scherbak,MTL,R,3,4.7833333333333,1,0,0,0,1,100.00,1,100.00,0.12,1,1,1,1,0,0,0,0,0,0,0,0,0,0,0,0,0,0,0,-
731,Nikolay Goldobin,"S.J, VAN",R,14,7.2333333333333,0,0,0,0,0,-,1,0.00,0.23,3,2,3,1,0,0,0,0,0,0,0,0,0,0,0,0,0,0,0,-
732,Joshua Ho-Sang,NYI,"C, R",21,46.466666666667,1,1,0,1,2,40.00,4,25.00,0.31,9,6,3,0,0,0,0,0,0,0,0,0,1,0,0,6,0,0,0,-
733,Adrian Kempe,L.A,L,25,19.55,0,2,2,0,2,50.00,3,0.00,0.3,5,5,1,1,0,1,0,0,0,0,0,0,0,0,1,1,0,4,9,30.77
734,John Quenneville,N.J,C,12,22.016666666667,1,1,1,0,2,50.00,7,14.29,0.92,10,8,8,3,0,1,0,0,0,0,0,0,2,0,1,0,0,0,0,-
735,Ivan Barbashev,STL,C,30,27,0,0,0,0,0,0.00,1,0.00,0.14,3,1,1,1,0,0,0,0,0,0,0,0,0,1,0,0,0,3,5,37.50
736,Vladislav Kamenev,NSH,L,2,1.8166666666667,0,0,0,0,0,-,0,-,0,0,0,0,0,0,0,0,0,0,0,0,0,0,0,0,0,0,0,0,-
737,Brandon Montour,ANA,D,27,50.783333333333,0,1,1,0,1,50.00,9,0.00,0.9,29,16,11,0,0,2,4,2,2,0,0,0,2,0,0,0,2,0,0,-
738,Christian Dvorak,ARI,"C, L",78,107.63333333333,2,3,2,1,5,83.33,12,16.67,2,23,20,19,6,0,2,0,0,0,0,0,1,1,0,1,5,0,49,52,48.51
739,Nikita Tryamkin,VAN,D,66,2.15,0,0,0,0,0,-,0,-,0,0,0,0,0,0,0,5,1,0,1,0,0,0,0,0,0,0,0,0,-
740,Brayden Point,T.B,C,68,165.1,5,7,1,6,12,46.15,31,16.13,4.24,41,36,39,20,0,1,0,0,0,0,0,1,0,0,4,8,0,16,27,37.21
741,Lucas Wallmark,CAR,C,8,1.1333333333333,0,0,0,0,0,-,0,-,0,0,0,0,0,0,0,0,0,0,0,0,0,0,0,0,0,0,4,0,100.00
742,Nelson Nogier,WPG,D,10,0.2,0,0,0,0,0,-,0,-,0,0,0,0,0,0,0,5,1,0,1,0,0,0,0,0,0,0,0,0,-
743,Viktor Arvidsson,NSH,L,80,154.2,4,4,0,4,8,61.54,24,16.67,3.19,40,34,22,11,0,4,2,1,1,0,0,2,1,3,1,8,1,1,3,25.00
744,Danton Heinen,BOS,C,8,13.95,0,0,0,0,0,-,0,-,0.06,1,1,1,0,0,0,0,0,0,0,0,0,0,0,1,0,0,0,0,-
745,Gustav Forsling,CHI,D,38,35.016666666667,0,1,0,1,1,25.00,3,0.00,0.22,11,4,2,0,0,2,0,0,0,0,0,0,1,0,0,2,0,0,0,-
746,Kevin Labanc,S.J,R,55,62.533333333333,0,2,2,0,2,50.00,5,0.00,1.09,14,8,10,7,1,0,2,1,1,0,0,0,2,3,1,5,0,0,0,-
747,Ondrej Kase,ANA,R,53,11.9,0,0,0,0,0,-,1,0.00,0.1,1,1,1,1,0,0,0,0,0,0,0,0,0,0,0,0,0,0,0,-
748,Frank Vatrano,BOS,C,44,76.1,4,1,1,0,5,55.56,23,17.39,2.23,34,29,19,3,0,2,2,1,1,0,0,0,4,0,2,3,1,0,0,-
749,Matt Lorito,DET,L,2,1.8166666666667,0,0,0,0,0,0.00,0,-,0,0,0,0,0,0,0,0,0,0,0,0,0,0,0,0,0,0,0,0,-
750,Nikita Soshnikov,TOR,R,56,33.2,0,1,1,0,1,50.00,8,0.00,1.73,14,13,12,8,0,2,2,1,1,0,0,0,2,0,2,0,1,0,0,-
751,Casey Bailey,OTT,R,7,0.16666666666667,0,0,0,0,0,-,0,-,0,0,0,0,0,0,0,0,0,0,0,0,0,0,0,0,0,0,0,0,-
752,Noah Hanifin,CAR,D,81,162.98333333333,2,8,6,2,10,62.50,24,8.33,1.93,60,35,16,1,1,6,4,2,2,0,0,0,12,4,1,5,2,0,0,-
753,Rasmus Andersson,CGY,D,1,1.8666666666667,0,0,0,0,0,-,0,-,0,0,0,0,0,0,0,0,0,0,0,0,0,0,0,1,0,0,0,0,-
754,Kyle Connor,WPG,L,20,28.083333333333,0,2,1,1,2,100.00,5,0.00,1.06,9,8,7,4,1,0,0,0,0,0,0,0,0,0,1,1,0,1,0,100.00
755,Colin White,OTT,C,2,3.35,0,0,0,0,0,-,0,-,0.12,1,1,1,1,0,0,0,0,0,0,0,0,0,0,0,0,0,3,2,60.00
756,Pavel Zacha,N.J,C,70,126.91666666667,5,8,4,4,13,72.22,11,45.45,1.68,22,17,14,3,0,1,2,1,1,0,0,0,5,1,0,3,0,14,26,35.00
757,Connor McDavid,EDM,C,82,230.9,3,20,9,11,23,62.16,32,9.38,2.98,67,39,37,9,0,4,6,3,3,0,0,2,9,3,1,9,0,7,14,33.33
758,Jack Eichel,BUF,C,61,170.51666666667,10,12,7,5,22,78.57,50,20.00,5.45,98,76,42,7,0,3,0,0,0,0,0,0,11,2,1,4,0,8,5,61.54
759,Timo Meier,S.J,R,34,7.2166666666667,0,0,0,0,0,0.00,4,0.00,0.34,4,4,4,2,0,0,0,0,0,0,0,1,0,0,0,0,0,0,0,-
760,Mikko Rantanen,COL,R,75,189.2,3,5,1,4,8,50.00,22,13.64,2.49,42,33,15,6,0,1,2,1,1,0,0,0,4,0,0,4,0,6,3,66.67
761,A.J. Greer,COL,L,5,2.8666666666667,0,0,0,0,0,-,2,0.00,0.42,2,2,2,1,0,1,2,1,1,0,0,0,0,0,0,0,0,0,0,-
762,Brendan Guhle,BUF,D,3,0.083333333333333,0,0,0,0,0,-,0,-,0,0,0,0,0,0,0,0,0,0,0,0,0,0,0,0,0,0,0,0,-
763,Sebastian Aho,CAR,R,82,177.06666666667,6,10,4,6,16,76.19,34,17.65,3.75,63,47,28,11,1,7,0,0,0,0,0,0,9,2,2,9,0,0,2,0.00
764,Travis Konecny,PHI,C,70,117.31666666667,3,1,1,0,4,100.00,16,18.75,3.69,24,21,16,12,0,4,10,5,5,0,0,5,6,0,4,14,1,0,4,0.00
765,Dylan Strome,ARI,C,7,14.366666666667,0,0,0,0,0,-,0,-,0,0,0,0,0,0,0,0,0,0,0,0,0,0,0,0,0,0,3,7,30.00
766,Brandon Carlo,BOS,D,82,9.7666666666667,0,0,0,0,0,0.00,0,-,0,0,0,0,0,0,0,2,1,1,0,0,0,0,0,0,0,0,0,0,-
767,Brock Boeser,VAN,R,9,15.9,2,0,0,0,2,100.00,6,33.33,0.87,6,6,5,4,0,0,0,0,0,0,0,0,0,0,0,0,0,0,0,-
768,Mathew Barzal,NYI,C,2,1.0333333333333,0,0,0,0,0,-,0,-,0,0,0,0,0,0,0,0,0,0,0,0,0,0,0,0,0,0,0,0,-
769,Zach Werenski,CBJ,D,78,207.7,4,14,7,7,18,56.25,41,9.76,3.3,93,55,30,5,2,13,0,0,0,0,0,1,2,1,3,0,2,0,0,-
770,Anthony Beauvillier,NYI,"C, L",66,31.216666666667,0,1,1,0,1,50.00,4,0.00,0.4,5,5,2,1,0,0,0,0,0,0,0,0,2,0,1,4,0,6,9,40.00
771,Lawson Crouse,ARI,L,72,1.85,0,0,0,0,0,-,0,-,0.12,1,1,1,1,0,0,10,2,0,2,0,0,0,0,0,0,0,0,0,-
772,Blake Speers,N.J,C,3,0.2,0,0,0,0,0,-,0,-,0,0,0,0,0,0,0,0,0,0,0,0,0,0,0,0,0,0,0,0,-
773,Mitchell Marner,TOR,C,77,175.46666666667,4,15,8,7,19,76.00,34,11.76,2.78,60,41,30,6,0,6,4,2,2,0,0,1,15,2,1,12,2,3,4,42.86
774,Jacob Larsson,ANA,D,4,4.3166666666667,0,0,0,0,0,-,1,0.00,0.08,2,2,0,0,0,0,0,0,0,0,0,0,0,0,0,1,0,0,0,-
775,Joel Eriksson Ek,MIN,C,15,1.4666666666667,0,0,0,0,0,-,0,-,0,0,0,0,0,0,0,0,0,0,0,0,0,0,0,0,0,0,0,1,0.00
776,Ivan Provorov,PHI,D,82,134.18333333333,0,4,2,2,4,66.67,27,0.00,1.4,56,33,9,1,0,7,2,1,1,0,0,0,3,2,0,2,5,0,0,-
777,Austin Czarnik,BOS,C,49,85.3,0,3,3,0,3,42.86,11,0.00,1.25,24,20,9,2,0,3,0,0,0,0,0,1,4,3,0,1,1,2,8,20.00
778,Tanner Kero,CHI,C,47,4.8833333333333,0,0,0,0,0,-,0,-,0,0,0,0,0,0,0,0,0,0,0,0,0,0,0,0,0,0,1,1,50.00
779,Markus Hannikainen,CBJ,L,10,0.18333333333333,0,0,0,0,0,-,0,-,0,0,0,0,0,0,0,0,0,0,0,0,0,0,0,0,0,0,0,0,-
780,Evan Rodrigues,BUF,L,30,5.5666666666667,1,0,0,0,1,50.00,1,100.00,0.12,1,1,1,0,0,0,0,0,0,0,0,0,1,0,0,0,0,5,4,55.56
781,Artemi Panarin,CHI,"C, L",82,239.63333333333,9,7,2,5,16,57.14,38,23.68,4.07,67,54,33,6,0,1,7,2,1,1,0,1,8,1,3,6,0,0,2,0.00
782,Andreas Martinsen,"COL, MTL",L,64,3.75,0,0,0,0,0,-,0,-,0,0,0,0,0,0,0,5,1,0,1,0,1,0,0,1,0,0,0,0,-
783,Sergey Kalinin,N.J,C,43,18.1,0,0,0,0,0,-,1,0.00,0.18,2,2,2,2,0,0,5,1,0,1,0,0,0,0,0,1,0,1,0,100.00
784,Noel Acciari,BOS,C,29,1.8166666666667,0,0,0,0,0,-,0,-,0,0,0,0,0,0,0,0,0,0,0,0,0,0,0,0,0,0,0,0,-
785,Derek Ryan,CAR,C,67,137.88333333333,4,4,2,2,8,72.73,14,28.57,2.47,23,19,15,10,0,2,2,1,1,0,0,0,5,1,1,11,0,61,43,58.65
786,Denis Malgin,FLA,C,47,50.15,2,0,0,0,2,33.33,9,22.22,1.32,15,12,11,5,0,0,0,0,0,0,0,1,1,2,0,1,0,1,4,20.00
787,Dominik Simon,PIT,C,2,0.95,0,0,0,0,0,-,0,-,0,0,0,0,0,0,0,0,0,0,0,0,0,0,0,0,0,0,0,0,-
788,Markus Nutivaara,CBJ,D,66,11.3,0,0,0,0,0,-,1,0.00,0.09,3,2,0,0,0,0,0,0,0,0,0,0,0,1,0,0,0,0,0,-
789,Andrew Poturalski,CAR,C,2,0.36666666666667,0,0,0,0,0,-,0,-,0,0,0,0,0,0,0,0,0,0,0,0,0,0,0,0,0,0,1,1,50.00
790,Nick Lappin,N.J,R,43,17.05,0,0,0,0,0,-,5,0.00,0.49,5,5,4,2,0,0,0,0,0,0,0,0,0,0,1,0,0,0,0,-
791,Casey Nelson,BUF,D,11,1.9166666666667,0,0,0,0,0,-,0,-,0,0,0,0,0,0,0,0,0,0,0,0,0,0,0,0,0,0,0,0,-
792,Kevin Rooney,N.J,C,4,0.25,0,0,0,0,0,-,0,-,0,0,0,0,0,0,0,0,0,0,0,0,0,0,0,0,0,0,0,0,-
793,Brandon Tanev,WPG,L,51,0.61666666666667,0,0,0,0,0,-,0,-,0,0,0,0,0,0,0,0,0,0,0,0,0,0,0,0,0,0,0,0,-
794,Matthew Tkachuk,CGY,L,76,151.28333333333,3,10,7,3,13,65.00,26,11.54,4.49,42,39,34,25,0,6,14,7,7,0,0,1,4,1,1,2,0,0,1,0.00
795,Auston Matthews,TOR,C,82,191.86666666667,7,10,6,4,17,68.00,42,16.67,5.73,82,60,43,16,0,12,0,0,0,0,0,2,4,2,1,8,0,59,53,52.68
796,Patrik Laine,WPG,R,73,182.56666666667,5,3,2,1,8,61.54,50,10.00,3.83,87,66,25,6,2,5,6,3,3,0,0,1,8,2,1,6,0,0,0,-
797,Clayton Keller,ARI,C,3,5.15,0,1,0,1,1,100.00,0,-,0,0,0,0,0,0,0,0,0,0,0,0,0,0,0,0,1,0,0,0,-
798,Jesse Puljujarvi,EDM,R,28,22.566666666667,1,0,0,0,1,100.00,6,16.67,0.41,8,8,2,0,0,0,0,0,0,0,0,0,1,1,0,2,0,0,0,-
799,Jakob Chychrun,ARI,D,68,35.116666666667,1,1,0,1,2,50.00,3,33.33,0.31,7,7,3,0,0,0,4,2,2,0,0,0,2,1,2,1,1,0,0,-
800,Tyson Jost,COL,C,6,8.6833333333333,0,0,0,0,0,-,1,0.00,0.08,2,1,2,1,0,0,0,0,0,0,0,0,0,0,0,0,0,0,2,0.00
801,Mikhail Sergachev,MTL,D,4,1.3833333333333,0,0,0,0,0,-,0,-,0,1,0,0,0,0,0,0,0,0,0,0,0,0,0,0,0,0,0,0,-
802,Alexander Nylander,BUF,R,4,3.1,0,0,0,0,0,-,0,-,0,0,0,0,0,0,0,0,0,0,0,0,0,0,0,0,0,0,0,1,0.00
803,Troy Stecher,VAN,D,71,183.61666666667,1,4,2,2,5,35.71,29,3.45,2.39,87,53,12,0,0,4,0,0,0,0,0,0,3,1,0,7,1,0,0,-
804,Nikita Zaitsev,TOR,D,82,158.23333333333,0,9,1,8,9,39.13,17,0.00,1.28,47,27,11,1,0,1,2,1,1,0,0,1,7,2,1,1,3,0,0,-
805,Drake Caggiula,EDM,"C, L",60,98.833333333333,2,3,3,0,5,50.00,22,9.09,3.32,39,31,30,17,0,5,4,2,2,0,0,1,2,2,4,4,0,4,1,80.00
806,Michal Kempny,CHI,D,50,5.9666666666667,0,0,0,0,0,-,1,0.00,0.06,2,1,0,0,0,0,2,1,1,0,0,0,0,0,0,0,0,0,0,-
807,Yohann Auvitu,N.J,D,25,50.616666666667,0,1,0,1,1,100.00,9,0.00,0.49,13,10,3,0,0,1,0,0,0,0,0,0,0,0,2,0,0,0,0,-
808,Roman Lyubimov,PHI,L,47,2.4833333333333,0,0,0,0,0,-,0,-,0,0,0,0,0,0,0,0,0,0,0,0,0,0,0,0,0,0,0,1,0.00
809,Michael Kapla,N.J,D,5,4.6666666666667,0,0,0,0,0,-,0,-,0,1,0,0,0,0,0,0,0,0,0,0,0,0,0,0,0,0,0,0,-
810,C.J. Smith,BUF,L,2,0.61666666666667,0,0,0,0,0,-,0,-,0,0,0,0,0,0,0,0,0,0,0,0,0,0,0,0,0,0,0,0,-
811,Mike Vecchione,PHI,C,2,0.26666666666667,0,0,0,0,0,-,0,-,0,0,0,0,0,0,0,0,0,0,0,0,0,0,0,0,0,0,0,0,-
